--
-- PostgreSQL database dump
--

-- Dumped from database version 13.3 (Ubuntu 13.3-1.pgdg20.04+1)
-- Dumped by pg_dump version 13.3 (Ubuntu 13.3-1.pgdg20.04+1)

SET statement_timeout = 0;
SET lock_timeout = 0;
SET idle_in_transaction_session_timeout = 0;
SET client_encoding = 'UTF8';
SET standard_conforming_strings = on;
SELECT pg_catalog.set_config('search_path', '', false);
SET check_function_bodies = false;
SET xmloption = content;
SET client_min_messages = warning;
SET row_security = off;

SET default_tablespace = '';

SET default_table_access_method = heap;

--
-- Name: customers; Type: TABLE; Schema: public; Owner: jlkwrkruyccxrb
--

CREATE TABLE public.customers (
    id integer NOT NULL,
    first_name character varying(255) NOT NULL,
    last_name character varying(255) NOT NULL,
    full_name character varying(255) NOT NULL,
    email character varying(255),
    gender character varying(255),
    street character varying(255),
    city character varying(255)
);


ALTER TABLE public.customers OWNER TO jlkwrkruyccxrb;

--
-- Name: customers_id_seq; Type: SEQUENCE; Schema: public; Owner: jlkwrkruyccxrb
--

CREATE SEQUENCE public.customers_id_seq
    AS integer
    START WITH 1
    INCREMENT BY 1
    NO MINVALUE
    NO MAXVALUE
    CACHE 1;


ALTER TABLE public.customers_id_seq OWNER TO jlkwrkruyccxrb;

--
-- Name: customers_id_seq; Type: SEQUENCE OWNED BY; Schema: public; Owner: jlkwrkruyccxrb
--

ALTER SEQUENCE public.customers_id_seq OWNED BY public.customers.id;


--
-- Name: employees; Type: TABLE; Schema: public; Owner: jlkwrkruyccxrb
--

CREATE TABLE public.employees (
    id integer NOT NULL,
    name character varying(255) NOT NULL
);


ALTER TABLE public.employees OWNER TO jlkwrkruyccxrb;

--
-- Name: employees_id_seq; Type: SEQUENCE; Schema: public; Owner: jlkwrkruyccxrb
--

CREATE SEQUENCE public.employees_id_seq
    AS integer
    START WITH 1
    INCREMENT BY 1
    NO MINVALUE
    NO MAXVALUE
    CACHE 1;


ALTER TABLE public.employees_id_seq OWNER TO jlkwrkruyccxrb;

--
-- Name: employees_id_seq; Type: SEQUENCE OWNED BY; Schema: public; Owner: jlkwrkruyccxrb
--

ALTER SEQUENCE public.employees_id_seq OWNED BY public.employees.id;


--
-- Name: failed_jobs; Type: TABLE; Schema: public; Owner: jlkwrkruyccxrb
--

CREATE TABLE public.failed_jobs (
    id bigint NOT NULL,
    uuid character varying(255) NOT NULL,
    connection text NOT NULL,
    queue text NOT NULL,
    payload text NOT NULL,
    exception text NOT NULL,
    failed_at timestamp(0) without time zone DEFAULT CURRENT_TIMESTAMP NOT NULL
);


ALTER TABLE public.failed_jobs OWNER TO jlkwrkruyccxrb;

--
-- Name: failed_jobs_id_seq; Type: SEQUENCE; Schema: public; Owner: jlkwrkruyccxrb
--

CREATE SEQUENCE public.failed_jobs_id_seq
    START WITH 1
    INCREMENT BY 1
    NO MINVALUE
    NO MAXVALUE
    CACHE 1;


ALTER TABLE public.failed_jobs_id_seq OWNER TO jlkwrkruyccxrb;

--
-- Name: failed_jobs_id_seq; Type: SEQUENCE OWNED BY; Schema: public; Owner: jlkwrkruyccxrb
--

ALTER SEQUENCE public.failed_jobs_id_seq OWNED BY public.failed_jobs.id;


--
-- Name: migrations; Type: TABLE; Schema: public; Owner: jlkwrkruyccxrb
--

CREATE TABLE public.migrations (
    id integer NOT NULL,
    migration character varying(255) NOT NULL,
    batch integer NOT NULL
);


ALTER TABLE public.migrations OWNER TO jlkwrkruyccxrb;

--
-- Name: migrations_id_seq; Type: SEQUENCE; Schema: public; Owner: jlkwrkruyccxrb
--

CREATE SEQUENCE public.migrations_id_seq
    AS integer
    START WITH 1
    INCREMENT BY 1
    NO MINVALUE
    NO MAXVALUE
    CACHE 1;


ALTER TABLE public.migrations_id_seq OWNER TO jlkwrkruyccxrb;

--
-- Name: migrations_id_seq; Type: SEQUENCE OWNED BY; Schema: public; Owner: jlkwrkruyccxrb
--

ALTER SEQUENCE public.migrations_id_seq OWNED BY public.migrations.id;


--
-- Name: password_resets; Type: TABLE; Schema: public; Owner: jlkwrkruyccxrb
--

CREATE TABLE public.password_resets (
    email character varying(255) NOT NULL,
    token character varying(255) NOT NULL,
    created_at timestamp(0) without time zone
);


ALTER TABLE public.password_resets OWNER TO jlkwrkruyccxrb;

--
-- Name: products; Type: TABLE; Schema: public; Owner: jlkwrkruyccxrb
--

CREATE TABLE public.products (
    id integer NOT NULL,
    name character varying(255) NOT NULL,
    price numeric(10,2) NOT NULL
);


ALTER TABLE public.products OWNER TO jlkwrkruyccxrb;

--
-- Name: products_id_seq; Type: SEQUENCE; Schema: public; Owner: jlkwrkruyccxrb
--

CREATE SEQUENCE public.products_id_seq
    AS integer
    START WITH 1
    INCREMENT BY 1
    NO MINVALUE
    NO MAXVALUE
    CACHE 1;


ALTER TABLE public.products_id_seq OWNER TO jlkwrkruyccxrb;

--
-- Name: products_id_seq; Type: SEQUENCE OWNED BY; Schema: public; Owner: jlkwrkruyccxrb
--

ALTER SEQUENCE public.products_id_seq OWNED BY public.products.id;


--
-- Name: sales; Type: TABLE; Schema: public; Owner: jlkwrkruyccxrb
--

CREATE TABLE public.sales (
    id integer NOT NULL,
    "invoiceId" character varying(255) NOT NULL,
    product_id integer NOT NULL,
    sales_person_id integer NOT NULL,
    customer_id integer NOT NULL,
    date date NOT NULL
);


ALTER TABLE public.sales OWNER TO jlkwrkruyccxrb;

--
-- Name: sales_id_seq; Type: SEQUENCE; Schema: public; Owner: jlkwrkruyccxrb
--

CREATE SEQUENCE public.sales_id_seq
    AS integer
    START WITH 1
    INCREMENT BY 1
    NO MINVALUE
    NO MAXVALUE
    CACHE 1;


ALTER TABLE public.sales_id_seq OWNER TO jlkwrkruyccxrb;

--
-- Name: sales_id_seq; Type: SEQUENCE OWNED BY; Schema: public; Owner: jlkwrkruyccxrb
--

ALTER SEQUENCE public.sales_id_seq OWNED BY public.sales.id;


--
-- Name: users; Type: TABLE; Schema: public; Owner: jlkwrkruyccxrb
--

CREATE TABLE public.users (
    id bigint NOT NULL,
    name character varying(255) NOT NULL,
    email character varying(255) NOT NULL,
    email_verified_at timestamp(0) without time zone,
    password character varying(255) NOT NULL,
    remember_token character varying(100),
    created_at timestamp(0) without time zone,
    updated_at timestamp(0) without time zone
);


ALTER TABLE public.users OWNER TO jlkwrkruyccxrb;

--
-- Name: users_id_seq; Type: SEQUENCE; Schema: public; Owner: jlkwrkruyccxrb
--

CREATE SEQUENCE public.users_id_seq
    START WITH 1
    INCREMENT BY 1
    NO MINVALUE
    NO MAXVALUE
    CACHE 1;


ALTER TABLE public.users_id_seq OWNER TO jlkwrkruyccxrb;

--
-- Name: users_id_seq; Type: SEQUENCE OWNED BY; Schema: public; Owner: jlkwrkruyccxrb
--

ALTER SEQUENCE public.users_id_seq OWNED BY public.users.id;


--
-- Name: customers id; Type: DEFAULT; Schema: public; Owner: jlkwrkruyccxrb
--

ALTER TABLE ONLY public.customers ALTER COLUMN id SET DEFAULT nextval('public.customers_id_seq'::regclass);


--
-- Name: employees id; Type: DEFAULT; Schema: public; Owner: jlkwrkruyccxrb
--

ALTER TABLE ONLY public.employees ALTER COLUMN id SET DEFAULT nextval('public.employees_id_seq'::regclass);


--
-- Name: failed_jobs id; Type: DEFAULT; Schema: public; Owner: jlkwrkruyccxrb
--

ALTER TABLE ONLY public.failed_jobs ALTER COLUMN id SET DEFAULT nextval('public.failed_jobs_id_seq'::regclass);


--
-- Name: migrations id; Type: DEFAULT; Schema: public; Owner: jlkwrkruyccxrb
--

ALTER TABLE ONLY public.migrations ALTER COLUMN id SET DEFAULT nextval('public.migrations_id_seq'::regclass);


--
-- Name: products id; Type: DEFAULT; Schema: public; Owner: jlkwrkruyccxrb
--

ALTER TABLE ONLY public.products ALTER COLUMN id SET DEFAULT nextval('public.products_id_seq'::regclass);


--
-- Name: sales id; Type: DEFAULT; Schema: public; Owner: jlkwrkruyccxrb
--

ALTER TABLE ONLY public.sales ALTER COLUMN id SET DEFAULT nextval('public.sales_id_seq'::regclass);


--
-- Name: users id; Type: DEFAULT; Schema: public; Owner: jlkwrkruyccxrb
--

ALTER TABLE ONLY public.users ALTER COLUMN id SET DEFAULT nextval('public.users_id_seq'::regclass);


--
-- Data for Name: customers; Type: TABLE DATA; Schema: public; Owner: jlkwrkruyccxrb
--

COPY public.customers (id, first_name, last_name, full_name, email, gender, street, city) FROM stdin;
1	Reuben	Girard	Reuben Girard	rgirard0@cyberchimps.com	Male	6173 Forest Run Crossing	Kavála
2	Thaxter	Sprackling	Thaxter Sprackling	tsprackling1@yellowbook.com	Male	4 Twin Pines Center	Ngangpo
3	Jameson	Rosenfrucht	Jameson Rosenfrucht	jrosenfrucht2@exblog.jp	Male	85 Logan Terrace	Itō
4	Lydon	Sleath	Lydon Sleath	lsleath3@barnesandnoble.com	\N	39 Holy Cross Park	Bilqās
5	Brinn	Argente	Brinn Argente	bargente4@hud.gov	Female	00325 Straubel Crossing	Ponta da Garça
6	Derk	Robbert	Derk Robbert	drobbert5@dailymail.co.uk	Male	1581 La Follette Hill	Toyota
7	Wenonah	Marquet	Wenonah Marquet	wmarquet6@globo.com	Female	0 Dakota Lane	Vargem Grande
8	Durant	Gauchier	Durant Gauchier	dgauchier7@altervista.org	Male	1875 Rusk Road	Al Metlaoui
9	Tommy	Casari	Tommy Casari	tcasari8@zdnet.com	Female	4548 Hoffman Drive	Kardzhin
10	Deonne	Nevinson	Deonne Nevinson	dnevinson9@state.gov	\N	61952 Charing Cross Alley	Gornji Petrovci
11	Mariana	Minichillo	Mariana Minichillo	mminichilloa@upenn.edu	Female	868 Blaine Junction	Potet
12	Lewiss	Petyanin	Lewiss Petyanin	lpetyaninb@theglobeandmail.com	Male	16878 Meadow Ridge Place	Nowy Dwór Mazowiecki
13	Gennifer	Blazic	Gennifer Blazic	gblazicc@cdc.gov	Female	248 Rigney Alley	Zagora
14	Brena	Caddie	Brena Caddie	bcaddied@php.net	Female	141 Esch Crossing	Beigao
15	Kristien	Hellen	Kristien Hellen	khellene@instagram.com	\N	41771 Brown Center	Cambuí
16	Eryn	Dumbrill	Eryn Dumbrill	edumbrillf@sciencedirect.com	Female	470 Iowa Drive	Bassar
17	Kenna	Hayselden	Kenna Hayselden	khayseldeng@foxnews.com	Female	068 Twin Pines Parkway	Rochester
18	Enid	Lunnon	Enid Lunnon	elunnonh@360.cn	Female	36333 Anhalt Junction	Lospalos
19	Ingaberg	Furlong	Ingaberg Furlong	ifurlongi@php.net	Female	4846 Prairie Rose Park	Beixin
20	Ricoriki	Chominski	Ricoriki Chominski	rchominskij@accuweather.com	Male	91177 Coolidge Crossing	Erfurt
21	Penrod	Mahon	Penrod Mahon	pmahonk@army.mil	Male	02 Garrison Hill	Krásná Hora nad Vltavou
22	Agnese	Alexsandrev	Agnese Alexsandrev	aalexsandrevl@creativecommons.org	Female	34330 Michigan Pass	Boleiros
23	Tallie	Venn	Tallie Venn	tvennm@jimdo.com	Female	5391 Meadow Ridge Street	Shulan
24	Crissie	Dillingham	Crissie Dillingham	cdillinghamn@delicious.com	Female	12 Westerfield Plaza	Bansko
25	Garey	Eeles	Garey Eeles	geeleso@nps.gov	Male	36544 Forster Terrace	Kutamandarakan
26	Tasia	Mielnik	Tasia Mielnik	tmielnikp@feedburner.com	\N	9014 Spaight Drive	Popayán
27	Jarret	Hindenberger	Jarret Hindenberger	jhindenbergerq@paypal.com	Male	47 Forest Way	Domsjö
28	Gamaliel	Tregidgo	Gamaliel Tregidgo	gtregidgor@forbes.com	Male	4679 Old Gate Trail	Dumaguete
29	Thorn	Fairfoul	Thorn Fairfoul	tfairfouls@diigo.com	Male	4222 Walton Road	Strasbourg
30	Ginni	Scudamore	Ginni Scudamore	gscudamoret@lycos.com	Female	6119 Arrowood Plaza	Ancol
31	Nickolai	Catcheside	Nickolai Catcheside	ncatchesideu@adobe.com	Male	2 Waxwing Crossing	Zgornje Gorje
32	Willabella	Shower	Willabella Shower	wshowerv@baidu.com	Female	81 Shopko Plaza	Kadujajar
33	Udell	Newband	Udell Newband	unewbandw@epa.gov	Male	854 Hayes Drive	Anzi
34	Artemis	Jotham	Artemis Jotham	ajothamx@globo.com	Male	520 Mcguire Park	Zhenlai
35	Lorain	Pinkett	Lorain Pinkett	lpinketty@stanford.edu	Female	27923 Hallows Crossing	Tegaldowo
36	Yanaton	Yearsley	Yanaton Yearsley	yyearsleyz@typepad.com	\N	204 Claremont Pass	Hayes
37	Harmony	Pheby	Harmony Pheby	hpheby10@amazon.co.jp	\N	43980 Corry Drive	Staroutkinsk
38	Francoise	Fishbourne	Francoise Fishbourne	ffishbourne11@spiegel.de	Female	52038 Warner Street	Faisalābād
39	Sandro	Fenna	Sandro Fenna	sfenna12@businessinsider.com	Male	183 Vidon Pass	Biscucuy
40	George	Gill	George Gill	ggill13@1688.com	Male	80054 Sundown Alley	Mpika
41	Idalia	Engel	Idalia Engel	iengel14@diigo.com	Female	466 Eastwood Drive	Pasirhaur
42	Aurelie	Hayen	Aurelie Hayen	ahayen15@loc.gov	Female	37066 Doe Crossing Road	Saint-Maur-des-Fossés
43	Tommy	Wardale	Tommy Wardale	twardale16@wordpress.org	Female	4814 Village Green Terrace	København
44	Kizzee	Thon	Kizzee Thon	kthon17@amazon.com	Female	6004 Bluejay Hill	Staryye Atagi
45	Anette	Driffe	Anette Driffe	adriffe18@discovery.com	Female	7 Pankratz Street	Cisiec
46	Daveta	Muck	Daveta Muck	dmuck19@sitemeter.com	Female	63 Pennsylvania Crossing	Kelaniya
47	Gallard	Gormally	Gallard Gormally	ggormally1a@google.com.hk	Male	891 Saint Paul Lane	Citeguh
48	Giuditta	Anfosso	Giuditta Anfosso	ganfosso1b@state.gov	Female	01 Grayhawk Point	Brongkah
49	Marya	Tineman	Marya Tineman	mtineman1c@wix.com	Female	7084 Twin Pines Road	Kyzyl-Oktyabr’skiy
50	Jan	Salterne	Jan Salterne	jsalterne1d@mtv.com	Female	40024 Messerschmidt Road	Pemba
51	Tristam	Weddeburn - Scrimgeour	Tristam Weddeburn - Scrimgeour	tweddeburnscrimgeour1e@earthlink.net	Male	8 Stoughton Trail	Tailing
52	Jeth	Baudassi	Jeth Baudassi	jbaudassi1f@upenn.edu	Male	7 Fairview Center	Solna
53	Zacharia	Volette	Zacharia Volette	zvolette1g@cbc.ca	Male	8 Maywood Lane	Roblin
54	Gunner	Everitt	Gunner Everitt	geveritt1h@alexa.com	Male	25 Sloan Alley	Kalimati
55	Tyrus	Tallon	Tyrus Tallon	ttallon1i@vinaora.com	Male	8854 Sundown Junction	São Pedro
56	Greg	Powdrell	Greg Powdrell	gpowdrell1j@cbc.ca	Male	8 Linden Court	Embi
57	Stacee	Batch	Stacee Batch	sbatch1k@ocn.ne.jp	Female	6489 Ilene Circle	Oslo
58	Redd	Taunton	Redd Taunton	rtaunton1l@census.gov	Male	01 Debs Court	Pangal Sur
59	Randi	Lidierth	Randi Lidierth	rlidierth1m@dot.gov	Male	762 Waubesa Plaza	Jamao al Norte
60	Keely	Jephson	Keely Jephson	kjephson1n@admin.ch	Female	64 Welch Lane	Ambar
61	Gualterio	Pes	Gualterio Pes	gpes1o@blogspot.com	Male	9046 Rockefeller Way	Inčukalns
62	Dynah	Keats	Dynah Keats	dkeats1p@amazon.co.uk	Female	5187 Barby Lane	Avignon
63	Malanie	Barus	Malanie Barus	mbarus1q@upenn.edu	Female	1 Westport Center	Hollola
64	Mellisent	Courtman	Mellisent Courtman	mcourtman1r@xrea.com	Female	91198 Village Green Point	Poshekhon’ye
65	Adolphus	Basson	Adolphus Basson	abasson1s@ebay.co.uk	Male	33 Larry Place	Santa Catarina Barahona
66	Kalle	Peeter	Kalle Peeter	kpeeter1t@multiply.com	Male	02731 Rusk Circle	Gaoliang
67	Frederick	Janota	Frederick Janota	fjanota1u@friendfeed.com	\N	46 8th Road	Shinpokh
68	Marabel	Scutts	Marabel Scutts	mscutts1v@parallels.com	Female	836 Dakota Circle	Kombolcha
69	Dell	Creane	Dell Creane	dcreane1w@domainmarket.com	Male	74 1st Way	Karagay
70	Melita	Gipson	Melita Gipson	mgipson1x@census.gov	Female	64536 Hoffman Drive	Pamupukan
71	Mildrid	Erley	Mildrid Erley	merley1y@webeden.co.uk	Female	2 Florence Point	Monamon
72	Karmen	Heatlie	Karmen Heatlie	kheatlie1z@wunderground.com	Female	0 Declaration Parkway	Chambara
73	Kimmy	Lamerton	Kimmy Lamerton	klamerton20@woothemes.com	Female	87 Rutledge Terrace	Honolulu
74	Loretta	Francie	Loretta Francie	lfrancie21@columbia.edu	Female	8 Maywood Court	Igreja
75	Faunie	Bergen	Faunie Bergen	fbergen22@amazonaws.com	Female	1 Fisk Pass	Krajan Dua Padomasan
76	Lyndsay	Hendriksen	Lyndsay Hendriksen	lhendriksen23@google.ca	Female	0 Everett Crossing	Jugantang
77	Siusan	Lipscombe	Siusan Lipscombe	slipscombe24@bizjournals.com	Female	08 New Castle Terrace	Berlin
78	Baron	Noirel	Baron Noirel	bnoirel25@hud.gov	Male	744 Aberg Park	Diyarb Najm
79	Clemence	Fullerd	Clemence Fullerd	cfullerd26@wp.com	Female	56903 Elgar Lane	Kolomyagi
80	Lilias	Kiebes	Lilias Kiebes	lkiebes27@topsy.com	Female	56 Bartelt Center	Vodňany
81	Fidelity	Duffield	Fidelity Duffield	fduffield28@elpais.com	Female	3884 Duke Park	Svoge
82	Diahann	Thornton	Diahann Thornton	dthornton29@odnoklassniki.ru	Female	540 Brickson Park Junction	Den Chai
83	Arabele	Skeffington	Arabele Skeffington	askeffington2a@dropbox.com	Female	029 Stang Avenue	Bungkulan
84	Rosene	Middiff	Rosene Middiff	rmiddiff2b@simplemachines.org	Female	710 Oxford Alley	Taytayan
85	Drusilla	Peddel	Drusilla Peddel	dpeddel2c@netvibes.com	Female	2 Southridge Circle	Hetan
86	Lilas	Kidgell	Lilas Kidgell	lkidgell2d@senate.gov	Female	512 Raven Court	San Carlos
87	Doll	Charle	Doll Charle	dcharle2e@google.com.au	Female	91 Hanover Alley	Ibotirama
88	Delly	Whyke	Delly Whyke	dwhyke2f@flickr.com	\N	6076 Manitowish Pass	Călăraşi
89	Neill	Bycraft	Neill Bycraft	nbycraft2g@senate.gov	Male	0 Clove Parkway	Amieira do Tejo
90	Hector	Carlozzi	Hector Carlozzi	hcarlozzi2h@hostgator.com	Male	325 Transport Hill	Makrýgialos
91	Roxanna	Pietrzyk	Roxanna Pietrzyk	rpietrzyk2i@rediff.com	\N	65930 Artisan Plaza	Tambulig
92	Elvina	Burdekin	Elvina Burdekin	eburdekin2j@wix.com	Female	356 Kensington Court	Sukowono
93	Davita	MacLachlan	Davita MacLachlan	dmaclachlan2k@economist.com	Female	55 Drewry Trail	Göteborg
94	Melissa	Wingate	Melissa Wingate	mwingate2l@salon.com	Female	07454 Waywood Trail	Boyarka
95	Wood	Gouge	Wood Gouge	wgouge2m@redcross.org	Male	81 Shoshone Lane	Koungou
96	Elnar	Sapsed	Elnar Sapsed	esapsed2n@whitehouse.gov	Male	61036 Cottonwood Place	Sędziejowice
97	Ainsley	Werndly	Ainsley Werndly	awerndly2o@noaa.gov	Female	6 Meadow Ridge Circle	Svenljunga
98	Kathlin	Mytton	Kathlin Mytton	kmytton2p@networkadvertising.org	Female	48678 Coleman Pass	Olenegorsk
99	Lyndsey	Dradey	Lyndsey Dradey	ldradey2q@statcounter.com	Female	30004 Raven Road	São Sebastião do Paraíso
100	Alvira	Whiscard	Alvira Whiscard	awhiscard2r@google.it	Female	595 Dayton Terrace	Thai Charoen
101	Markos	Malins	Markos Malins	mmalins2s@delicious.com	Male	97 Oriole Court	Wajir
102	Marietta	Tschierse	Marietta Tschierse	mtschierse2t@rediff.com	Female	647 Luster Avenue	Xarag
103	Melesa	Sibly	Melesa Sibly	msibly2u@washington.edu	Female	55 Hagan Drive	Merefa
104	Katy	Burrill	Katy Burrill	kburrill2v@google.pl	Female	7 Anhalt Parkway	Ivatsevichy
105	Winnah	Wraggs	Winnah Wraggs	wwraggs2w@uol.com.br	\N	7 Bellgrove Plaza	Camperdown
106	Merrilee	Reveland	Merrilee Reveland	mreveland2x@e-recht24.de	Female	31 Donald Place	Penanggungan
107	Dru	Mulcahy	Dru Mulcahy	dmulcahy2y@posterous.com	Female	40038 Monument Hill	Kampokpok
108	Patten	Vellender	Patten Vellender	pvellender2z@yahoo.com	\N	11 Wayridge Plaza	Darungan
109	Traver	Knotton	Traver Knotton	tknotton30@pen.io	Male	68191 Dryden Avenue	Fengdian
110	Shay	Huonic	Shay Huonic	shuonic31@symantec.com	Male	587 School Hill	Meylan
111	Roger	Malinson	Roger Malinson	rmalinson32@unblog.fr	Male	5 Del Sol Hill	Dayuan
112	Glynda	Raffles	Glynda Raffles	graffles33@ed.gov	Female	2544 Hoard Avenue	Kāshān
113	Sylvia	Adamowicz	Sylvia Adamowicz	sadamowicz34@jigsy.com	Female	5326 Toban Circle	Kampunglistrik
114	Brittani	Cranmere	Brittani Cranmere	bcranmere35@nbcnews.com	Female	85356 Di Loreto Terrace	Wuppertal
115	Bartram	Fissenden	Bartram Fissenden	bfissenden36@wp.com	Male	74664 Duke Park	Melchor de Mencos
116	Carolyne	Dorkens	Carolyne Dorkens	cdorkens37@cbsnews.com	Female	4 Grayhawk Place	Alvaro Obregon
117	Lorrin	Siddaley	Lorrin Siddaley	lsiddaley38@e-recht24.de	Female	759 Melody Road	Jiatou
118	Pepita	Maylor	Pepita Maylor	pmaylor39@java.com	Female	69 Hintze Alley	Istres
119	Christoffer	Hazeldine	Christoffer Hazeldine	chazeldine3a@ca.gov	Male	36572 Logan Crossing	Phatthana Nikhom
120	Bartholomew	Stilling	Bartholomew Stilling	bstilling3b@t.co	Male	4 Sycamore Circle	Cheremshan
121	Olivia	Placidi	Olivia Placidi	oplacidi3c@php.net	Female	05 Bunker Hill Trail	Leijiadian
122	Georg	Larraway	Georg Larraway	glarraway3d@addtoany.com	Male	689 Onsgard Hill	Baunu-Timbangan
123	Lisa	Johannes	Lisa Johannes	ljohannes3e@constantcontact.com	Female	7 Del Sol Pass	Chongjin
124	Brooks	Segot	Brooks Segot	bsegot3f@topsy.com	Male	43 Carey Center	Ajax
125	Hally	D'Agostini	Hally D'Agostini	hdagostini3g@live.com	Female	8077 Linden Court	Misungwi
126	Steve	Godon	Steve Godon	sgodon3h@accuweather.com	Male	26965 Bayside Way	Siay
127	Dorree	Killingbeck	Dorree Killingbeck	dkillingbeck3i@aboutads.info	Female	48897 Birchwood Lane	Thiers
128	Delmor	Byers	Delmor Byers	dbyers3j@xrea.com	Male	80739 Hauk Drive	Kedungdoro
129	Kirsti	Belch	Kirsti Belch	kbelch3k@imdb.com	Female	82096 Leroy Point	Xiaozhai
130	Annadiane	Shadfourth	Annadiane Shadfourth	ashadfourth3l@typepad.com	Female	7 Blaine Terrace	Jacupiranga
131	Matti	Wornum	Matti Wornum	mwornum3m@hexun.com	Female	5212 Arkansas Road	Balkh
132	Enos	Walcot	Enos Walcot	ewalcot3n@independent.co.uk	Male	0 Garrison Court	Seririt
133	Francois	Zipsell	Francois Zipsell	fzipsell3o@godaddy.com	Male	56508 Lindbergh Drive	Gaoqiu
134	Mae	Rustadge	Mae Rustadge	mrustadge3p@yolasite.com	Female	390 Dawn Road	San Silvestre
135	Leonhard	Lintall	Leonhard Lintall	llintall3q@a8.net	Male	49 Mariners Cove Court	Dongling
136	Harli	Suthworth	Harli Suthworth	hsuthworth3r@joomla.org	Female	63 Calypso Hill	Etten-Leur
137	Kariotta	Shawel	Kariotta Shawel	kshawel3s@whitehouse.gov	Female	4 Haas Drive	Baler Baleagung
138	Sheela	Skeates	Sheela Skeates	sskeates3t@nba.com	Female	6 Merrick Alley	Yuwang
139	Jeannine	Hoyt	Jeannine Hoyt	jhoyt3u@ca.gov	Female	43583 Roxbury Drive	Vitoria-Gasteiz
140	Rick	Laybourne	Rick Laybourne	rlaybourne3v@home.pl	Male	37825 Jackson Way	Krajan Karanganyar
141	Cosette	Vint	Cosette Vint	cvint3w@amazonaws.com	Female	95127 Mayer Park	Tsévié
142	Janaya	Baitey	Janaya Baitey	jbaitey3x@domainmarket.com	Female	57 Dunning Parkway	Malangwa
143	Claretta	Schwander	Claretta Schwander	cschwander3y@seesaa.net	Female	87259 Pennsylvania Pass	Khisarya
144	Lurlene	Armatage	Lurlene Armatage	larmatage3z@dailymotion.com	Female	054 Rusk Road	Leigu
145	Fidole	Dowty	Fidole Dowty	fdowty40@bandcamp.com	Male	46 Towne Way	Deventer
146	Eliza	Pethick	Eliza Pethick	epethick41@fda.gov	Female	64372 Delladonna Circle	Sindangsari
147	Olag	Genney	Olag Genney	ogenney42@example.com	Male	96 John Wall Hill	Lesichevo
148	Micaela	Reame	Micaela Reame	mreame43@furl.net	Female	056 Mosinee Hill	Nanpu
149	Cristen	Giacopazzi	Cristen Giacopazzi	cgiacopazzi44@elegantthemes.com	Female	562 Sunfield Pass	Balabac
150	Almeta	Charlesworth	Almeta Charlesworth	acharlesworth45@joomla.org	Female	9358 Oak Valley Trail	Kuala Terengganu
151	Carmita	Romain	Carmita Romain	cromain46@xing.com	Female	35488 Grayhawk Court	Nueva Esperanza
152	Dorella	Hailston	Dorella Hailston	dhailston47@indiatimes.com	Female	743 Rowland Avenue	Jorochito
153	Tripp	Gertray	Tripp Gertray	tgertray48@creativecommons.org	Male	742 Meadow Valley Street	Bluefields
154	Lida	Bohling	Lida Bohling	lbohling49@google.nl	Female	38 Sunfield Lane	Carrascal
155	Valentin	Fairhead	Valentin Fairhead	vfairhead4a@wikimedia.org	Male	519 Debra Court	Yongyang
156	Hamnet	Fowlston	Hamnet Fowlston	hfowlston4b@symantec.com	Male	75236 Harper Hill	Huashu
157	Analise	Embury	Analise Embury	aembury4c@weibo.com	Female	43 Rieder Plaza	Louisville
158	Tallia	Jurisic	Tallia Jurisic	tjurisic4d@themeforest.net	Female	4 Saint Paul Road	Sedan
159	Loretta	Pariss	Loretta Pariss	lpariss4e@pcworld.com	Female	7 Colorado Avenue	La Puerta de San José
160	Giuseppe	Dermott	Giuseppe Dermott	gdermott4f@rambler.ru	Male	4 Ilene Drive	Salamina
161	Sharyl	Blitzer	Sharyl Blitzer	sblitzer4g@sohu.com	Female	26 5th Park	Buenavista
162	Dud	Rylands	Dud Rylands	drylands4h@yellowpages.com	Male	405 Southridge Court	Longuita
163	Eilis	Wretham	Eilis Wretham	ewretham4i@aboutads.info	Female	9 Northland Park	Palmas de Monte Alto
164	Avram	Shurman	Avram Shurman	ashurman4j@reverbnation.com	Male	76 Kenwood Point	Cocachacra
165	Alisun	Poleykett	Alisun Poleykett	apoleykett4k@senate.gov	Female	8 Commercial Point	Andalucía
166	Magdalen	Denmead	Magdalen Denmead	mdenmead4l@umich.edu	Female	9 Eagle Crest Park	Waihi Beach
167	Eldredge	Cassar	Eldredge Cassar	ecassar4m@vk.com	\N	303 Butternut Plaza	Jiahe
168	Jeanine	Migheli	Jeanine Migheli	jmigheli4n@last.fm	Female	943 Forest Terrace	Foso
169	Gwenny	Rosengren	Gwenny Rosengren	grosengren4o@macromedia.com	Female	69294 Badeau Crossing	Podgorenskiy
170	Evaleen	Kernermann	Evaleen Kernermann	ekernermann4p@timesonline.co.uk	Female	02 Lighthouse Bay Circle	Ārt Khwājah
171	Linn	Deem	Linn Deem	ldeem4q@cdbaby.com	Female	5549 6th Road	Quangang
172	Babette	Coppock.	Babette Coppock.	bcoppock4r@cbc.ca	Female	9 Bobwhite Parkway	Santa Marta
173	Madella	Impson	Madella Impson	mimpson4s@naver.com	Female	72 Veith Junction	Paris 04
174	Collette	Buzza	Collette Buzza	cbuzza4t@symantec.com	\N	156 Kings Hill	Miyazaki-shi
175	Marijo	France	Marijo France	mfrance4u@macromedia.com	Female	5 Northview Court	Amqui
176	Hermina	Maffini	Hermina Maffini	hmaffini4v@newsvine.com	Female	4114 Thierer Road	Muro
177	Leonanie	Irnys	Leonanie Irnys	lirnys4w@apple.com	\N	61324 Knutson Point	Santa Maria
178	Curt	Malloch	Curt Malloch	cmalloch4x@accuweather.com	Male	95 Fuller Drive	Kalvola
179	Lowell	Cud	Lowell Cud	lcud4y@dion.ne.jp	Male	08329 Oak Valley Parkway	Åmål
180	Kiley	McGraith	Kiley McGraith	kmcgraith4z@virginia.edu	Male	408 Anhalt Court	Cipeucang
181	Chane	Linnitt	Chane Linnitt	clinnitt50@nifty.com	Male	0497 Loeprich Point	Kristinestad
182	Ward	Palk	Ward Palk	wpalk51@utexas.edu	Male	744 Arkansas Crossing	Krasnotur’insk
183	Maryann	Oleszczak	Maryann Oleszczak	moleszczak52@yahoo.com	Female	93469 Clove Avenue	Biting
184	Raychel	Blader	Raychel Blader	rblader53@lycos.com	Female	4 Hoard Avenue	Manalad
185	Adi	Hiorn	Adi Hiorn	ahiorn54@archive.org	Female	1 Kinsman Street	Ballyjamesduff
186	Clemence	Terbeek	Clemence Terbeek	cterbeek55@shinystat.com	Female	095 Paget Drive	Haolibao
187	Eva	Bradford	Eva Bradford	ebradford56@ft.com	Female	06369 Transport Crossing	Parakanpanjang
188	Anabelle	Franzetti	Anabelle Franzetti	afranzetti57@mit.edu	\N	93 Mockingbird Terrace	Lisiy Nos
189	Charlot	Cuttin	Charlot Cuttin	ccuttin58@ca.gov	Female	61 Ohio Center	Kampong Speu
190	Nonnah	Le Grice	Nonnah Le Grice	nlegrice59@illinois.edu	Female	0536 Surrey Hill	Pępowo
191	Dacey	Chaperlin	Dacey Chaperlin	dchaperlin5a@parallels.com	Female	876 Pearson Circle	Raszków
192	Dal	Giametti	Dal Giametti	dgiametti5b@alexa.com	\N	04822 Nobel Plaza	Ifakara
193	Jacqueline	Goodspeed	Jacqueline Goodspeed	jgoodspeed5c@nymag.com	Female	0 Talisman Avenue	Wilkowice
194	Artur	Bunker	Artur Bunker	abunker5d@upenn.edu	Male	2 Elgar Street	Adolfo Lopez Mateos
195	Lefty	Breche	Lefty Breche	lbreche5e@de.vu	Male	7 Talisman Way	Baalbek
196	Oralla	Bocke	Oralla Bocke	obocke5f@last.fm	Female	43 Jenifer Trail	Nato
197	Link	Jedras	Link Jedras	ljedras5g@sciencedirect.com	Male	242 Bowman Road	Oullins
198	Hastings	Dibbe	Hastings Dibbe	hdibbe5h@vk.com	\N	7899 Gateway Point	Trångsund
199	Spencer	Thring	Spencer Thring	sthring5i@upenn.edu	Male	3064 Arizona Pass	Kaminoyama
200	Karia	Mulcahy	Karia Mulcahy	kmulcahy5j@geocities.jp	Female	60564 Jenifer Drive	Tonga
201	Anastasia	Sheavills	Anastasia Sheavills	asheavills5k@reference.com	Female	83 Blue Bill Park Point	Hagonoy
202	Clarence	Van der Velde	Clarence Van der Velde	cvandervelde5l@de.vu	Male	5484 Scott Parkway	Stockholm
203	Fancie	Amner	Fancie Amner	famner5m@oakley.com	Female	0663 Kedzie Point	Patimuan
204	Colin	Epsley	Colin Epsley	cepsley5n@wikia.com	Male	8020 Ohio Crossing	Rosario
205	Cornie	Cantillion	Cornie Cantillion	ccantillion5o@businesswire.com	Female	4 Lakewood Gardens Terrace	Lexington
206	Farand	O'Teague	Farand O'Teague	foteague5p@infoseek.co.jp	\N	468 Daystar Pass	Dazhangzhuang
207	Konstance	Horsted	Konstance Horsted	khorsted5q@census.gov	Female	81 Westport Alley	Farranacoush
208	Glenden	McKoy	Glenden McKoy	gmckoy5r@sina.com.cn	Male	664 Ryan Park	Strängnäs
209	Kingsley	Peattie	Kingsley Peattie	kpeattie5s@hud.gov	Male	1 Dapin Pass	Bakar
210	Heriberto	Bartot	Heriberto Bartot	hbartot5t@samsung.com	Male	474 Talisman Way	Dolní Rychnov
211	Sherman	Sessuns	Sherman Sessuns	ssessuns5u@seesaa.net	Male	6188 Burning Wood Court	Dawan
212	Perceval	Causnett	Perceval Causnett	pcausnett5v@opera.com	Male	6801 Mesta Street	Horred
213	Bamby	Sperrett	Bamby Sperrett	bsperrett5w@statcounter.com	Female	35 Kipling Point	Wolin
214	Kary	Huddlestone	Kary Huddlestone	khuddlestone5x@java.com	\N	80 Cherokee Street	Dado
215	Leonore	Sellner	Leonore Sellner	lsellner5y@scientificamerican.com	Female	51 Corben Alley	Pizarro
216	Shaun	Wivell	Shaun Wivell	swivell5z@chronoengine.com	Male	32336 Hudson Park	T’aebaek
217	Avrom	Randleson	Avrom Randleson	arandleson60@go.com	Male	9408 Lunder Plaza	Moxi
218	Gorden	Hendricks	Gorden Hendricks	ghendricks61@dmoz.org	Male	825 Forest Run Street	Wangliao
219	Broddy	Blampied	Broddy Blampied	bblampied62@tamu.edu	Male	0465 Garrison Park	Yuwang
220	Worden	Edghinn	Worden Edghinn	wedghinn63@squarespace.com	Male	8 Union Parkway	Jalgung
221	Claudell	Jefferd	Claudell Jefferd	cjefferd64@artisteer.com	Male	0 Corben Lane	Gununglarang
222	Mirna	Beasley	Mirna Beasley	mbeasley65@hubpages.com	Female	4955 Dovetail Crossing	Salerno
223	Ricky	Jeavons	Ricky Jeavons	rjeavons66@cnet.com	Male	6 Laurel Center	Horta
224	Ann	Painten	Ann Painten	apainten67@mit.edu	\N	915 Messerschmidt Road	Gandu
225	Rasia	Lowers	Rasia Lowers	rlowers68@e-recht24.de	Female	9031 Hollow Ridge Road	Hukou
226	Erwin	Stringer	Erwin Stringer	estringer69@google.co.jp	Male	1 Ridgeview Plaza	Lubuk Sikaping
227	Alyssa	Roden	Alyssa Roden	aroden6a@state.tx.us	\N	72 Surrey Center	Medina Estates
228	Hamnet	Petford	Hamnet Petford	hpetford6b@cargocollective.com	Male	14 Milwaukee Hill	Bungoma
229	Norton	MacKill	Norton MacKill	nmackill6c@istockphoto.com	\N	3440 Butternut Circle	Qiling
230	Zora	Korneluk	Zora Korneluk	zkorneluk6d@engadget.com	Female	66328 Monterey Junction	Dong Liang’erzhuang
231	Haskell	Yerill	Haskell Yerill	hyerill6e@jimdo.com	Male	73 Summit Circle	Yangfang
232	Ricky	Wrigley	Ricky Wrigley	rwrigley6f@apple.com	\N	7 Blackbird Lane	Ngelak
233	Jenny	Elcock	Jenny Elcock	jelcock6g@qq.com	Female	63308 Saint Paul Point	Margherita
234	Jase	Lathaye	Jase Lathaye	jlathaye6h@bigcartel.com	\N	01569 Petterle Plaza	Moneague
235	Esme	Trethowan	Esme Trethowan	etrethowan6i@unicef.org	\N	140 Carberry Parkway	Ralung
236	Cynthea	Welfare	Cynthea Welfare	cwelfare6j@sciencedaily.com	Female	38808 Meadow Valley Road	Hannover
237	Antone	MacCartan	Antone MacCartan	amaccartan6k@harvard.edu	Male	6184 Northridge Court	Karasgede
238	Maximilien	Jobin	Maximilien Jobin	mjobin6l@typepad.com	Male	2 Truax Junction	Esperanza
239	Ritchie	Klimontovich	Ritchie Klimontovich	rklimontovich6m@discuz.net	Male	61 Dayton Park	Ḩalāwah
240	Hendrik	Keach	Hendrik Keach	hkeach6n@unblog.fr	Male	34995 Loeprich Point	Curitiba
241	Merwyn	MacLaverty	Merwyn MacLaverty	mmaclaverty6o@godaddy.com	Male	632 Westerfield Place	Lodoyo
242	Sutton	Brauner	Sutton Brauner	sbrauner6p@squarespace.com	Male	30329 Ohio Way	Cisitu
243	Billie	Mackett	Billie Mackett	bmackett6q@privacy.gov.au	Male	0 Clarendon Drive	Quanjiang
244	Steven	Oultram	Steven Oultram	soultram6r@cargocollective.com	Male	35 Westridge Lane	Ipoh
245	Melba	Yukhnevich	Melba Yukhnevich	myukhnevich6s@yale.edu	Female	163 Helena Court	Lac-Brome
246	Andreas	Laroze	Andreas Laroze	alaroze6t@1688.com	Male	1 Clyde Gallagher Plaza	Bekasi
247	Ellis	Sallowaye	Ellis Sallowaye	esallowaye6u@weibo.com	Male	454 Golf View Drive	Norberg
248	Darline	Leeder	Darline Leeder	dleeder6v@upenn.edu	Female	3 Rigney Road	Enzan
249	Izabel	Mathiot	Izabel Mathiot	imathiot6w@devhub.com	Female	28024 Helena Alley	Eskilstuna
250	Bartholomew	Sowte	Bartholomew Sowte	bsowte6x@wordpress.org	Male	5039 Union Avenue	Dologon
251	Bethena	Saphir	Bethena Saphir	bsaphir6y@jigsy.com	Female	4582 Clove Street	Rekowo Dolne
252	Reginald	Piborn	Reginald Piborn	rpiborn6z@pbs.org	Male	2760 Magdeline Place	Jian’ou
253	Claudian	Ossenna	Claudian Ossenna	cossenna70@trellian.com	Male	53 Delladonna Plaza	Marseille
254	Caldwell	Worviell	Caldwell Worviell	cworviell71@businessweek.com	Male	560 Stuart Parkway	Janów
255	Lewie	Laugharne	Lewie Laugharne	llaugharne72@elegantthemes.com	Male	57392 Spenser Center	Péplos
256	Ev	Clemensen	Ev Clemensen	eclemensen73@1688.com	Male	3909 Service Parkway	Psary
257	Sheila-kathryn	Blankenship	Sheila-kathryn Blankenship	sblankenship74@dagondesign.com	Female	867 Macpherson Circle	Lucas
258	Tabatha	Mash	Tabatha Mash	tmash75@t.co	Female	44746 Comanche Center	Guanajay
259	Hamish	Loxton	Hamish Loxton	hloxton76@hibu.com	Male	1980 Oriole Pass	Galyugayevskaya
260	Bertie	Spurdens	Bertie Spurdens	bspurdens77@zdnet.com	Male	37 Chinook Place	Taiqing
261	Hatti	Keslake	Hatti Keslake	hkeslake78@nifty.com	Female	33 Warner Avenue	Ishurdi
262	Roosevelt	Ferrierio	Roosevelt Ferrierio	rferrierio79@de.vu	\N	1669 Oxford Parkway	Shahkot
263	Kaspar	Olivi	Kaspar Olivi	kolivi7a@dot.gov	Male	18103 Gerald Court	Yanfolila
264	Janina	Kinnach	Janina Kinnach	jkinnach7b@netlog.com	Female	4256 Hudson Lane	Lyski
265	Beitris	Grubb	Beitris Grubb	bgrubb7c@nsw.gov.au	Female	6 Lindbergh Crossing	Sakata
266	Burt	Lundbech	Burt Lundbech	blundbech7d@timesonline.co.uk	Male	3 Elgar Center	Machetá
267	Helaine	Kender	Helaine Kender	hkender7e@microsoft.com	Female	016 Harbort Point	Dome
268	Myles	Caddy	Myles Caddy	mcaddy7f@addtoany.com	\N	86036 Hanson Trail	Krzemieniewo
269	Rosaline	Reaper	Rosaline Reaper	rreaper7g@nydailynews.com	Female	2663 Schiller Street	Serhetabat
270	Bonni	Sprackling	Bonni Sprackling	bsprackling7h@g.co	Female	734 Esch Terrace	Memphis
271	Durante	Di Biagio	Durante Di Biagio	ddibiagio7i@home.pl	Male	45326 Logan Pass	Lefkoniko
272	Almire	Fagence	Almire Fagence	afagence7j@posterous.com	Female	49553 Gale Point	Titao
273	Susette	Jalland	Susette Jalland	sjalland7k@furl.net	Female	4 Nelson Street	Nancy
274	Scarlett	Liggins	Scarlett Liggins	sliggins7l@ask.com	Female	85 Amoth Trail	Veinticinco de Mayo
275	Roberta	Matessian	Roberta Matessian	rmatessian7m@rediff.com	Female	9698 Lillian Plaza	Lagkadás
276	Biddy	Coultous	Biddy Coultous	bcoultous7n@4shared.com	Female	3600 Mcbride Parkway	Čair
277	Winfield	Aimable	Winfield Aimable	waimable7o@dailymail.co.uk	Male	2 Arkansas Court	Gandu
278	Stepha	Saylor	Stepha Saylor	ssaylor7p@mapy.cz	\N	1266 Monument Park	Longfengba
279	Feodor	Estevez	Feodor Estevez	festevez7q@hc360.com	Male	1 Fuller Way	Gävle
280	Chantal	Vaugham	Chantal Vaugham	cvaugham7r@reddit.com	Female	8590 Holmberg Road	Karak City
281	Loraine	Goatcher	Loraine Goatcher	lgoatcher7s@hc360.com	Female	644 Jackson Drive	Richmond
282	Jessie	Kynastone	Jessie Kynastone	jkynastone7t@ovh.net	Male	579 Independence Center	Khuean Ubonrat
283	Man	Corrington	Man Corrington	mcorrington7u@vimeo.com	Male	41 Shasta Terrace	Sens
284	Bliss	Davidai	Bliss Davidai	bdavidai7v@rediff.com	Female	3 Bonner Lane	Tsurugi-asahimachi
285	Bobbee	Sieve	Bobbee Sieve	bsieve7w@icio.us	Female	68525 Morrow Terrace	Lañgub
286	Noreen	Worthy	Noreen Worthy	nworthy7x@redcross.org	Female	7 Sycamore Park	Bobota
287	Kearney	Izkovicz	Kearney Izkovicz	kizkovicz7y@xrea.com	Male	46 Portage Hill	Podsineye
288	Gearard	Sunner	Gearard Sunner	gsunner7z@ebay.com	\N	78 Troy Hill	Buan
289	Reeta	Barthrup	Reeta Barthrup	rbarthrup80@bandcamp.com	Female	8 Grover Avenue	Kuiyong
290	Fabe	Poore	Fabe Poore	fpoore81@symantec.com	Male	49879 Waywood Pass	Ngampon
291	Malachi	Colliss	Malachi Colliss	mcolliss82@gravatar.com	Male	56 Pankratz Circle	Nový Bydžov
292	Erwin	Spiers	Erwin Spiers	espiers83@nhs.uk	Male	88063 Warbler Parkway	Figueira Castelo Rodrigo
293	Sebastian	Adrienne	Sebastian Adrienne	sadrienne84@who.int	Male	6 Cody Avenue	Río Alejandro
294	Anthia	Peasnone	Anthia Peasnone	apeasnone85@digg.com	\N	98 Pearson Court	Damiao
295	Celka	Cowndley	Celka Cowndley	ccowndley86@hc360.com	Female	97 Dixon Crossing	Energetik
296	Emlen	Featherston	Emlen Featherston	efeatherston87@clickbank.net	Male	503 Ludington Street	Lady Grey
297	Susanna	Mulrooney	Susanna Mulrooney	smulrooney88@ed.gov	Female	75003 Old Gate Plaza	Gyōda
298	Bryon	Burrells	Bryon Burrells	bburrells89@tmall.com	Male	69813 Cordelia Plaza	Limon
299	Sigrid	Cawt	Sigrid Cawt	scawt8a@simplemachines.org	Female	84009 Ohio Way	Azua
300	Evelyn	Trevain	Evelyn Trevain	etrevain8b@time.com	Male	34187 South Terrace	Višňové
301	Herta	Bes	Herta Bes	hbes8c@ucoz.com	Female	9 Spohn Street	Birmingham
302	Lilly	Devers	Lilly Devers	ldevers8d@deviantart.com	Female	8 Pierstorff Park	Jaguarari
303	Carol	Aslet	Carol Aslet	caslet8e@accuweather.com	Female	93169 Sunbrook Trail	Shenzhengqiao
304	Missie	Checcucci	Missie Checcucci	mcheccucci8f@g.co	Female	9 Blue Bill Park Park	Laju Kidul
305	Toby	Fullick	Toby Fullick	tfullick8g@youku.com	Female	6028 Sundown Place	Błaszki
306	Sergeant	Tock	Sergeant Tock	stock8h@nps.gov	Male	7 Johnson Junction	Zhangjiagang
307	Gill	Mithun	Gill Mithun	gmithun8i@spotify.com	Male	376 Gateway Court	Bacacay
308	Latashia	Warrell	Latashia Warrell	lwarrell8j@cisco.com	Female	919 Hintze Circle	Heqiao
309	Finley	Bonome	Finley Bonome	fbonome8k@nyu.edu	Male	215 Vidon Junction	Mae Sai
310	Craig	Quest	Craig Quest	cquest8l@springer.com	\N	706 Shopko Terrace	Insiza
311	Morry	Fishenden	Morry Fishenden	mfishenden8m@whitehouse.gov	Male	536 Mandrake Alley	Rozhnyativ
312	Klemens	Tomaino	Klemens Tomaino	ktomaino8n@time.com	Male	34 Johnson Road	Insrom
313	Orton	Costi	Orton Costi	ocosti8o@plala.or.jp	Male	5 Melrose Road	Gines-Patay
314	Liza	Shortell	Liza Shortell	lshortell8p@imdb.com	Female	0406 Emmet Drive	Carania
315	Whitaker	Coping	Whitaker Coping	wcoping8q@adobe.com	Male	21062 Kings Lane	Ntoum
316	Raoul	Doles	Raoul Doles	rdoles8r@bigcartel.com	Male	5445 Bashford Plaza	Ibirataia
317	Rickey	Granleese	Rickey Granleese	rgranleese8s@wikispaces.com	Male	77031 Sunbrook Drive	Cijoho
318	Cort	Tunnicliffe	Cort Tunnicliffe	ctunnicliffe8t@devhub.com	Male	82285 Jenifer Pass	Zaytā Jammā‘īn
319	Dion	Idle	Dion Idle	didle8u@ucsd.edu	Male	2 Schlimgen Junction	Patarrá
320	Jillane	Lequeux	Jillane Lequeux	jlequeux8v@simplemachines.org	Female	28 Grayhawk Drive	Shatian
321	Byrle	Roughey	Byrle Roughey	broughey8w@ucoz.com	Male	00 Evergreen Circle	Carleton-sur-Mer
322	Jdavie	Mallindine	Jdavie Mallindine	jmallindine8x@opera.com	Male	5850 Chinook Parkway	Lacabamba
323	Geralda	Courtois	Geralda Courtois	gcourtois8y@usda.gov	Female	25 Brickson Park Pass	Walahir
324	Julina	Stork	Julina Stork	jstork8z@hostgator.com	Female	89169 Hollow Ridge Plaza	Buchlovice
325	Osborne	Catenot	Osborne Catenot	ocatenot90@ezinearticles.com	Male	385 Grim Court	Lübeck
326	Boyd	Comer	Boyd Comer	bcomer91@theatlantic.com	Male	5788 Hooker Court	Aizkraukle
327	Judye	Twamley	Judye Twamley	jtwamley92@fastcompany.com	Female	0 Colorado Park	Wieniawa
328	Gabrielle	Baake	Gabrielle Baake	gbaake93@xing.com	Female	244 Iowa Court	Lyon
329	Orton	Brixey	Orton Brixey	obrixey94@github.com	Male	09 5th Point	Shuiting
330	Shea	Akred	Shea Akred	sakred95@tumblr.com	Male	9380 Eastlawn Hill	Sebba
331	Isadore	Doghartie	Isadore Doghartie	idoghartie96@facebook.com	Male	56 Pepper Wood Place	Ayrihuanca
332	Eilis	Snowding	Eilis Snowding	esnowding97@latimes.com	Female	12 Logan Pass	Topi
333	Shae	Burchmore	Shae Burchmore	sburchmore98@comcast.net	Female	6 8th Center	Ingarö
334	Harlie	MacAirt	Harlie MacAirt	hmacairt99@bigcartel.com	Female	971 East Junction	Sumberjo
335	Risa	Fisbey	Risa Fisbey	rfisbey9a@theatlantic.com	Female	513 Lakeland Pass	Petoa
336	Bill	Ingliby	Bill Ingliby	bingliby9b@amazon.com	Male	781 Fairview Drive	Volzhskiy
337	Elizabeth	Barenski	Elizabeth Barenski	ebarenski9c@elegantthemes.com	Female	1 Kingsford Center	Furudate
338	Dwain	Aulsford	Dwain Aulsford	daulsford9d@vk.com	\N	751 Colorado Street	Gandrungmangu
339	Dodi	Chinnock	Dodi Chinnock	dchinnock9e@earthlink.net	Female	05876 Sloan Trail	Shun’ga
340	Ellyn	Jinks	Ellyn Jinks	ejinks9f@dot.gov	Female	97310 Bobwhite Place	Rokietnica
341	Ethelin	Kingswold	Ethelin Kingswold	ekingswold9g@google.co.jp	Female	69 Grasskamp Road	Avranches
342	Ilise	Roback	Ilise Roback	iroback9h@xing.com	\N	7 Jay Pass	Valdice
343	Oralla	Kehir	Oralla Kehir	okehir9i@a8.net	Female	44 Emmet Park	Zaytā
344	Mathilde	Challiner	Mathilde Challiner	mchalliner9j@dedecms.com	Female	750 Victoria Trail	Igarapé
345	Jasmin	Jakoubek	Jasmin Jakoubek	jjakoubek9k@cnbc.com	\N	9053 Cambridge Terrace	Cluny
346	Avram	Gyrgorcewicx	Avram Gyrgorcewicx	agyrgorcewicx9l@bizjournals.com	Male	284 Mcbride Lane	Tantu
347	Oates	Bramhill	Oates Bramhill	obramhill9m@microsoft.com	Male	3 Farmco Place	Amadeo
348	Phillida	Stalley	Phillida Stalley	pstalley9n@imageshack.us	Female	5 Pankratz Way	Rubiataba
349	Linnet	Pointon	Linnet Pointon	lpointon9o@ibm.com	Female	539 Alpine Way	Runka
350	Rad	Graveney	Rad Graveney	rgraveney9p@ning.com	Male	67 Northport Point	Budzów
351	Giulia	Allerton	Giulia Allerton	gallerton9q@shutterfly.com	Female	09753 Heffernan Point	Ibiúna
352	Redford	Hanaford	Redford Hanaford	rhanaford9r@scientificamerican.com	Male	5 Sherman Way	Planovskoye
353	Roland	Patten	Roland Patten	rpatten9s@bizjournals.com	Male	7 Artisan Park	Energeticheskiy
354	Stevie	Millmoe	Stevie Millmoe	smillmoe9t@prlog.org	Male	97 Glacier Hill Alley	Kamsack
355	Juline	Chilley	Juline Chilley	jchilley9u@ow.ly	Female	6 Shoshone Terrace	Kalahang
356	Wilie	Baack	Wilie Baack	wbaack9v@google.ru	Female	5 Summit Court	Pinheiral
357	Laural	Crossfield	Laural Crossfield	lcrossfield9w@discovery.com	Female	7703 Carey Place	Pantin
358	Storm	Abramowitch	Storm Abramowitch	sabramowitch9x@aol.com	Female	441 Manufacturers Trail	Calaba
359	Ardelle	McJerrow	Ardelle McJerrow	amcjerrow9y@aol.com	\N	98381 Becker Park	Lindavista
360	Drugi	Veeler	Drugi Veeler	dveeler9z@alexa.com	Male	6098 Hanover Crossing	Kouqian
361	Elizabeth	Underhill	Elizabeth Underhill	eunderhilla0@apache.org	Female	82 Hanson Park	Nanyang
362	Fleur	Lundie	Fleur Lundie	flundiea1@yahoo.com	Female	3477 Chive Point	Pingshi
363	Donaugh	Jelphs	Donaugh Jelphs	djelphsa2@cam.ac.uk	\N	95 Continental Terrace	Konde
364	Rafaelia	Winward	Rafaelia Winward	rwinwarda3@posterous.com	\N	87 Pawling Center	Houzhen
365	Ebenezer	Brown	Ebenezer Brown	ebrowna4@usda.gov	\N	146 Stephen Avenue	Porciúncula
366	Tuesday	Gilardi	Tuesday Gilardi	tgilardia5@1und1.de	Female	41888 Kingsford Court	Lebak
367	Ezequiel	Bartlosz	Ezequiel Bartlosz	ebartlosza6@msn.com	Male	6566 Lakeland Junction	Rouen
368	Ruthanne	Arundell	Ruthanne Arundell	rarundella7@dailymail.co.uk	Female	313 Oak Valley Pass	Oslo
369	Wendell	MacNess	Wendell MacNess	wmacnessa8@ustream.tv	Male	851 Bluejay Pass	Curridabat
370	Gerry	Rattrie	Gerry Rattrie	grattriea9@miibeian.gov.cn	Male	35 Forest Dale Center	Fenglai
371	Milli	McNally	Milli McNally	mmcnallyaa@miibeian.gov.cn	Female	518 Moulton Place	Rancabelut
372	Nicky	Glasard	Nicky Glasard	nglasardab@ezinearticles.com	Female	856 Gateway Alley	Dayr Abū Ḑa‘īf
373	Forrester	Wilcott	Forrester Wilcott	fwilcottac@epa.gov	Male	24 Red Cloud Park	Jiji
374	Randolph	Clowton	Randolph Clowton	rclowtonad@ucla.edu	Male	10 Porter Plaza	Kunri
375	Lydie	Isakovic	Lydie Isakovic	lisakovicae@parallels.com	Female	06847 Killdeer Junction	Ingersoll
376	Eugenia	Ince	Eugenia Ince	einceaf@apple.com	Female	44774 Sauthoff Drive	Varge Mondar
377	Brena	Perton	Brena Perton	bpertonag@weibo.com	Female	0674 Manitowish Point	Pamplona/Iruña
378	Jade	O'Looney	Jade O'Looney	jolooneyah@economist.com	Female	77802 Warrior Lane	Youhao
379	Rozele	Landsbury	Rozele Landsbury	rlandsburyai@redcross.org	Female	683 Farwell Crossing	Morani
380	Cleveland	Haslehurst	Cleveland Haslehurst	chaslehurstaj@epa.gov	Male	60 Pleasure Street	Mutoko
381	Ines	Varney	Ines Varney	ivarneyak@jimdo.com	Female	6318 Rutledge Road	Fort Wayne
382	Hans	Bibb	Hans Bibb	hbibbal@gnu.org	Male	386 Browning Center	Benešov nad Černou
383	Ingelbert	Allawy	Ingelbert Allawy	iallawyam@symantec.com	Male	6 Meadow Ridge Avenue	Waldbredimus
384	Verla	Keightley	Verla Keightley	vkeightleyan@indiegogo.com	\N	0253 Browning Park	Brody
385	Renae	Brister	Renae Brister	rbristerao@youtu.be	Female	22 Beilfuss Hill	Ambon
386	Travus	Cartner	Travus Cartner	tcartnerap@chronoengine.com	\N	44144 Hauk Trail	Shazhou
387	Claudine	Ciccarelli	Claudine Ciccarelli	cciccarelliaq@yolasite.com	Female	449 Monument Terrace	Yangjiaqiao
388	Patrick	Mathiot	Patrick Mathiot	pmathiotar@howstuffworks.com	\N	59 Bluejay Point	Butiá
389	Sid	Joll	Sid Joll	sjollas@vinaora.com	Male	71 Mitchell Street	Xinjie
390	Quintilla	Rossborough	Quintilla Rossborough	qrossboroughat@dell.com	Female	7131 Sachs Street	Cikawung
391	Mervin	Jonas	Mervin Jonas	mjonasau@163.com	\N	89848 Crownhardt Way	Jiedu
392	Neilla	Cannon	Neilla Cannon	ncannonav@buzzfeed.com	Female	1 Lake View Way	Dongxiaokou
393	Dot	Tollit	Dot Tollit	dtollitaw@about.me	Female	7607 Dexter Pass	Amiens
394	Paquito	Dorot	Paquito Dorot	pdorotax@cnet.com	Male	54 Northwestern Junction	Lenešice
395	Deeanne	Woloschin	Deeanne Woloschin	dwoloschinay@msn.com	Female	0 Garrison Trail	Samara
396	Izaak	Emblem	Izaak Emblem	iemblemaz@nih.gov	Male	10985 Old Shore Hill	København
397	Friedrich	Withey	Friedrich Withey	fwitheyb0@unblog.fr	Male	9 Vernon Road	Amherst
398	Berne	Dalloway	Berne Dalloway	bdallowayb1@cnbc.com	Male	4645 Sommers Hill	Kungur
399	Belle	Rivel	Belle Rivel	brivelb2@163.com	Female	6528 Delaware Place	Zheleznodorozhnyy
400	Tomasine	Milne	Tomasine Milne	tmilneb3@buzzfeed.com	Female	30 Hollow Ridge Road	Yixing
401	Yardley	Rous	Yardley Rous	yrousb4@feedburner.com	Male	67399 High Crossing Road	Kafue
402	Jenifer	Smallman	Jenifer Smallman	jsmallmanb5@nytimes.com	Female	6738 Lakeland Circle	Aglalana
403	Dorri	Stapforth	Dorri Stapforth	dstapforthb6@dyndns.org	\N	47 Larry Hill	Capioví
404	Ciro	Barwise	Ciro Barwise	cbarwiseb7@pen.io	Male	81432 Burning Wood Trail	Tatuí
405	Kenneth	Borres	Kenneth Borres	kborresb8@walmart.com	Male	30051 Walton Circle	Kikerino
406	Lannie	Minchinton	Lannie Minchinton	lminchintonb9@bbc.co.uk	Male	98 Annamark Parkway	Lieksa
407	Erek	Venables	Erek Venables	evenablesba@thetimes.co.uk	Male	8250 Fair Oaks Parkway	Tianxin
408	Micky	Treen	Micky Treen	mtreenbb@photobucket.com	Female	2 Mayfield Alley	Opechenskiy Posad
409	Susanetta	Feilden	Susanetta Feilden	sfeildenbc@washington.edu	Female	08117 Jenna Lane	San Pedro
410	Britteny	Storm	Britteny Storm	bstormbd@prweb.com	Female	2 Dottie Road	Koltushi
411	Bel	Scruton	Bel Scruton	bscrutonbe@goo.gl	Female	34845 North Pass	Sukoanyar
412	Arnie	Neaves	Arnie Neaves	aneavesbf@washington.edu	Male	8 Beilfuss Hill	Saladas
413	Forrest	Hammatt	Forrest Hammatt	fhammattbg@berkeley.edu	Male	0692 Londonderry Terrace	Wilmington
414	Lynne	Bowton	Lynne Bowton	lbowtonbh@mlb.com	Female	90 Rockefeller Pass	Saint-Constant
415	Raphael	Gatchel	Raphael Gatchel	rgatchelbi@twitter.com	Male	543 Birchwood Avenue	Staraya Ladoga
416	Ronnica	Tandy	Ronnica Tandy	rtandybj@chron.com	Female	098 Toban Junction	Oslo
417	Oswell	Bollans	Oswell Bollans	obollansbk@alexa.com	Male	45 Hazelcrest Center	San Miguel
418	Ricky	Durbin	Ricky Durbin	rdurbinbl@dailymail.co.uk	Male	79518 Heffernan Drive	Xiyuan
419	Shepherd	Davydkov	Shepherd Davydkov	sdavydkovbm@smugmug.com	Male	5 Waubesa Court	Drzewica
420	Edwina	Cupper	Edwina Cupper	ecupperbn@who.int	Female	43064 Melody Court	Wonocoyo Utara
421	Maria	Kock	Maria Kock	mkockbo@samsung.com	Female	1497 Nevada Lane	Moscow
422	Zebulon	Newiss	Zebulon Newiss	znewissbp@google.pl	Male	2 American Ash Terrace	Qiankou
423	Cyndy	Burcombe	Cyndy Burcombe	cburcombebq@de.vu	Female	262 Larry Junction	Balogo
424	Jillayne	Skaife d'Ingerthorpe	Jillayne Skaife d'Ingerthorpe	jskaifedingerthorpebr@guardian.co.uk	Female	16153 Acker Avenue	Melekyne
425	Ermentrude	Kunkel	Ermentrude Kunkel	ekunkelbs@oakley.com	Female	94 Montana Circle	Licheng
426	Danna	Hargitt	Danna Hargitt	dhargittbt@qq.com	Female	544 Chinook Trail	Sanlanbahai
427	Ruth	Burden	Ruth Burden	rburdenbu@bizjournals.com	Female	66 Nevada Hill	Kobayashi
428	Frasquito	Grewe	Frasquito Grewe	fgrewebv@joomla.org	Male	77971 Iowa Street	Poitiers
429	Kristo	Chasemoore	Kristo Chasemoore	kchasemoorebw@163.com	Male	6476 Summit Place	Licun
430	Lowrance	Drain	Lowrance Drain	ldrainbx@earthlink.net	Male	37 Village Green Parkway	Asen
431	Cyndi	Isaac	Cyndi Isaac	cisaacby@foxnews.com	Female	0090 Mccormick Way	Lawonda
432	Trev	Broadey	Trev Broadey	tbroadeybz@tinypic.com	Male	2 North Center	Göteborg
433	Mina	Tubbles	Mina Tubbles	mtubblesc0@huffingtonpost.com	Female	1428 Larry Hill	Saint-Claude
434	Eb	Writtle	Eb Writtle	ewrittlec1@ox.ac.uk	\N	8 Ridge Oak Terrace	Milton
435	Juan	Hanratty	Juan Hanratty	jhanrattyc2@intel.com	\N	59 Rockefeller Avenue	Bhola
436	Karylin	Bomfield	Karylin Bomfield	kbomfieldc3@reuters.com	Female	22 Mesta Circle	Korsze
437	Bone	Harlock	Bone Harlock	bharlockc4@archive.org	Male	1 Briar Crest Alley	Polykárpi
438	Siana	Pockett	Siana Pockett	spockettc5@imdb.com	Female	04 Russell Pass	Hancheng
439	Amandie	Korbmaker	Amandie Korbmaker	akorbmakerc6@google.com.au	Female	462 Northport Court	Bandhagen
440	Lamond	Cranston	Lamond Cranston	lcranstonc7@wix.com	Male	0 Tony Terrace	Shuiting
441	Ilyssa	Dioniso	Ilyssa Dioniso	idionisoc8@blogtalkradio.com	Female	9 Division Alley	Valence
442	Patience	Matuszkiewicz	Patience Matuszkiewicz	pmatuszkiewiczc9@plala.or.jp	\N	9709 Kipling Point	Narva-Jõesuu
443	Clay	Beaty	Clay Beaty	cbeatyca@mapy.cz	Male	71641 6th Junction	Mwinilunga
444	Timotheus	Cansdill	Timotheus Cansdill	tcansdillcb@tiny.cc	Male	893 Merrick Lane	General Pico
445	Marlow	Callear	Marlow Callear	mcallearcc@unicef.org	Male	22 Memorial Lane	Lgota Wielka
446	Caitrin	Spinige	Caitrin Spinige	cspinigecd@shutterfly.com	Female	1811 Montana Drive	Niechanowo
447	Robinet	Greenroad	Robinet Greenroad	rgreenroadce@seattletimes.com	Female	796 Cambridge Point	Lleida
448	Ame	Swash	Ame Swash	aswashcf@shop-pro.jp	Female	71845 Charing Cross Alley	Las Heras
449	Meridel	MacManus	Meridel MacManus	mmacmanuscg@blogtalkradio.com	Female	34 Arizona Pass	Shangjiangxu
450	Celestia	Elphee	Celestia Elphee	celpheech@unesco.org	Female	81 Eastlawn Trail	Ban Mo
451	Ardene	Cogar	Ardene Cogar	acogarci@mapy.cz	Female	592 Bunting Park	Tokarnia
452	Tonnie	Rapin	Tonnie Rapin	trapincj@github.com	Male	9 Lyons Parkway	Burbank
453	Leta	Crellin	Leta Crellin	lcrellinck@theguardian.com	Female	2 Burning Wood Drive	Midrand
454	Ethelda	Tieraney	Ethelda Tieraney	etieraneycl@berkeley.edu	Female	7 Iowa Trail	Serednye Vodyane
455	Alyosha	Siviour	Alyosha Siviour	asiviourcm@spotify.com	Male	6 Farwell Terrace	Almirante Tamandaré
456	Bondon	Fulstow	Bondon Fulstow	bfulstowcn@amazonaws.com	Male	9 Mockingbird Crossing	El Tambo
457	Euphemia	Newlands	Euphemia Newlands	enewlandsco@xrea.com	Female	1 Rowland Park	Amaury
458	Lucho	Puddephatt	Lucho Puddephatt	lpuddephattcp@opensource.org	\N	2 Delaware Point	Altıağac
459	Heath	Roust	Heath Roust	hroustcq@hibu.com	Male	311 Jay Alley	Arlöv
460	Aline	Cuerda	Aline Cuerda	acuerdacr@bbb.org	Female	80618 Summerview Way	Sułoszowa
461	Germain	Wincott	Germain Wincott	gwincottcs@drupal.org	Female	60 Weeping Birch Alley	Dasha
462	Darla	Kielty	Darla Kielty	dkieltyct@craigslist.org	Female	99857 Sommers Center	Koblain
463	Kenna	Onion	Kenna Onion	konioncu@spiegel.de	Female	958 Kedzie Plaza	Karema
464	Gav	Grundey	Gav Grundey	ggrundeycv@uol.com.br	Male	47 Mayfield Pass	Jianguo
465	Victoria	Hatherley	Victoria Hatherley	vhatherleycw@google.com.br	Female	0 Maywood Junction	Kumlinge
466	Stevana	Wauchope	Stevana Wauchope	swauchopecx@123-reg.co.uk	Female	156 Shoshone Parkway	Pingyin
467	Richie	Friedman	Richie Friedman	rfriedmancy@4shared.com	Male	15600 Arapahoe Pass	Pandean
468	Burlie	Howsden	Burlie Howsden	bhowsdencz@mysql.com	Male	345 Marquette Center	Pasuruan
469	Niel	Hanalan	Niel Hanalan	nhanaland0@jigsy.com	\N	34 Sloan Terrace	Dammarie-les-Lys
470	Cobbie	Bonhan	Cobbie Bonhan	cbonhand1@walmart.com	Male	67298 Lyons Lane	Nowe
471	Menard	Avrahm	Menard Avrahm	mavrahmd2@example.com	Male	33069 Clemons Point	Labansari
472	Ann	Marvell	Ann Marvell	amarvelld3@1und1.de	Female	0 Bashford Alley	Patrocínio
473	Aurelea	Clews	Aurelea Clews	aclewsd4@who.int	Female	3 Moulton Terrace	Czernice Borowe
474	Darbee	Nardi	Darbee Nardi	dnardid5@constantcontact.com	Male	1 Killdeer Crossing	Sumberrejo
475	Maren	Hannah	Maren Hannah	mhannahd6@exblog.jp	\N	88 Hayes Street	Guaçuí
476	Idalia	Caunter	Idalia Caunter	icaunterd7@indiatimes.com	Female	5379 Monica Trail	Tinaquillo
477	Aleksandr	Youngman	Aleksandr Youngman	ayoungmand8@skyrock.com	Male	0203 Karstens Alley	Linköping
478	Magnum	Regglar	Magnum Regglar	mregglard9@t.co	Male	828 Stoughton Circle	Idrinskoye
479	Aaron	Littler	Aaron Littler	alittlerda@hud.gov	Male	2134 Tennyson Crossing	Ganting
480	Nan	Budcock	Nan Budcock	nbudcockdb@wunderground.com	Female	05110 Stoughton Place	Macheng
481	Noak	Gaffon	Noak Gaffon	ngaffondc@aboutads.info	Male	6118 Morrow Parkway	Shixian
482	Charisse	Ebbers	Charisse Ebbers	cebbersdd@latimes.com	Female	2 Riverside Parkway	Kashin
483	Shaine	Haimes	Shaine Haimes	shaimesde@msn.com	Female	83 Algoma Lane	Chicago
484	Clarinda	Vankov	Clarinda Vankov	cvankovdf@php.net	Female	1937 Monument Lane	Al Ḩaffah
485	Gallagher	Gorey	Gallagher Gorey	ggoreydg@pagesperso-orange.fr	Male	7 Merchant Junction	Canggetelo
486	Maynord	Trynor	Maynord Trynor	mtrynordh@360.cn	Male	4644 Chive Crossing	Higashine
487	Philip	Buttery	Philip Buttery	pbutterydi@jigsy.com	Male	88270 Morning Court	Chaoyang
488	Olenka	Fragino	Olenka Fragino	ofraginodj@eventbrite.com	Female	790 Blaine Pass	Dongling
489	Gwenora	Yakubov	Gwenora Yakubov	gyakubovdk@geocities.jp	\N	66 Burrows Place	Doksy
490	Gage	Kanter	Gage Kanter	gkanterdl@t-online.de	Male	9340 Gina Hill	Tashtagol
491	Aylmer	Topp	Aylmer Topp	atoppdm@wordpress.org	\N	04303 Bowman Trail	Ostojićevo
492	Renaldo	Saill	Renaldo Saill	rsailldn@istockphoto.com	Male	84053 Lunder Lane	Potou
493	Bronson	Eliasen	Bronson Eliasen	beliasendo@army.mil	\N	32 1st Plaza	Parikkala
494	Corbet	Maystone	Corbet Maystone	cmaystonedp@smh.com.au	Male	96 Graedel Parkway	Sangatta
495	Kincaid	Saint	Kincaid Saint	ksaintdq@rediff.com	Male	0361 Forest Dale Street	Huangqi
496	Carlos	Seaking	Carlos Seaking	cseakingdr@bbb.org	Male	853 Morningstar Drive	Semamung
497	Gerhard	Bortoluzzi	Gerhard Bortoluzzi	gbortoluzzids@icq.com	\N	3 Sage Place	Lapuyan
498	Sebastian	Timms	Sebastian Timms	stimmsdt@over-blog.com	Male	8 Daystar Crossing	Mariestad
499	Jedediah	Joppich	Jedediah Joppich	jjoppichdu@ameblo.jp	Male	93657 Bashford Street	Laoxialu
500	Annice	Beller	Annice Beller	abellerdv@wikimedia.org	Female	0 Stuart Street	Nevel’
501	Hillary	Fantini	Hillary Fantini	hfantinidw@youtu.be	Male	4 Reinke Center	København
502	Skipper	Fifield	Skipper Fifield	sfifielddx@ed.gov	\N	23 Briar Crest Crossing	Pionerskiy
503	Alexandrina	Sallis	Alexandrina Sallis	asallisdy@de.vu	Female	7224 Straubel Lane	Jijiang
504	Elva	Bodd	Elva Bodd	ebodddz@de.vu	Female	12 Schurz Circle	Leiling
505	Yolanda	Full	Yolanda Full	yfulle0@yolasite.com	Female	337 Knutson Drive	Kurye
506	Susan	Skeel	Susan Skeel	sskeele1@technorati.com	\N	02 Gerald Trail	São Lourenço de Mamporcão
507	Ashlee	Willan	Ashlee Willan	awillane2@si.edu	Female	2529 Morning Hill	Unaizah
508	Alexandra	Assard	Alexandra Assard	aassarde3@wordpress.org	Female	41261 Everett Way	Naberera
509	Humbert	Gwyneth	Humbert Gwyneth	hgwynethe4@mediafire.com	Male	075 Main Center	Krapina
510	Nikolas	Goudard	Nikolas Goudard	ngoudarde5@clickbank.net	Male	99 Chinook Terrace	Paiisa
511	Dalia	Pettifor	Dalia Pettifor	dpettifore6@va.gov	Female	41425 Veith Way	Bartolomé Masó
512	Cesar	Schirok	Cesar Schirok	cschiroke7@feedburner.com	Male	9180 Muir Avenue	Gachalá
513	Abramo	Tildesley	Abramo Tildesley	atildesleye8@sphinn.com	Male	1 Anthes Circle	Lyudinovo
514	Joscelin	Allsopp	Joscelin Allsopp	jallsoppe9@scientificamerican.com	Female	996 La Follette Hill	Krasnyy Klyuch
515	Andras	Shickle	Andras Shickle	ashickleea@nifty.com	Male	33730 Steensland Alley	Mahates
516	Mabel	Bagenal	Mabel Bagenal	mbagenaleb@amazon.co.jp	Female	56 Hollow Ridge Avenue	Qo’ng’irot Shahri
517	Jarrid	Chapman	Jarrid Chapman	jchapmanec@amazon.co.uk	Male	0 Menomonie Court	Sigou
518	Tyson	Balthasar	Tyson Balthasar	tbalthasared@google.co.uk	Male	14285 Florence Junction	Shelopugino
519	Quinlan	Malecky	Quinlan Malecky	qmaleckyee@techcrunch.com	Male	37797 Farwell Road	Yingchuan
520	Brina	Lawrance	Brina Lawrance	blawranceef@aboutads.info	Female	0305 Autumn Leaf Circle	Yujia
521	Mufi	Lowfill	Mufi Lowfill	mlowfilleg@lulu.com	Female	3 Acker Plaza	Khovd
522	Jonathon	Hoy	Jonathon Hoy	jhoyeh@sourceforge.net	Male	41237 Packers Plaza	Pingling
523	Kathie	Leverton	Kathie Leverton	klevertonei@dyndns.org	Female	28 Declaration Terrace	Höfn
524	Evvie	McLeish	Evvie McLeish	emcleishej@hao123.com	Female	10912 Erie Crossing	Desa Kertasari
525	Ellwood	Daye	Ellwood Daye	edayeek@ox.ac.uk	Male	826 Mitchell Point	Birmingham
526	Bear	Meneer	Bear Meneer	bmeneerel@amazonaws.com	Male	184 Grover Park	Ciangir
527	Isabella	Alderwick	Isabella Alderwick	ialderwickem@home.pl	Female	3 Fordem Court	Dukuhbadag
528	Norry	Padula	Norry Padula	npadulaen@typepad.com	Male	7532 Walton Way	Liushutun
529	Nelia	Ensley	Nelia Ensley	nensleyeo@usa.gov	Female	76535 Coleman Circle	Swindon
530	Darnall	Conisbee	Darnall Conisbee	dconisbeeep@buzzfeed.com	\N	39571 Pepper Wood Street	Hekou
531	Torrie	Titmuss	Torrie Titmuss	ttitmusseq@google.com	Female	5 Sage Trail	Milwaukee
532	Clementius	Colrein	Clementius Colrein	ccolreiner@netlog.com	\N	9074 Crownhardt Place	Dagur
533	Jorey	Alfwy	Jorey Alfwy	jalfwyes@webs.com	Female	379 Continental Avenue	Drawsko Pomorskie
534	Trudey	Winram	Trudey Winram	twinramet@cam.ac.uk	Female	677 Mockingbird Drive	Izazi
535	Hewitt	Zannini	Hewitt Zannini	hzanninieu@ucoz.com	Male	11982 Northland Plaza	Urcos
536	Giselbert	Martt	Giselbert Martt	gmarttev@naver.com	Male	64 Fieldstone Avenue	Saint Louis
537	Gerda	Clink	Gerda Clink	gclinkew@walmart.com	Female	883 Mandrake Parkway	Daraitan
538	Ruddie	Deesly	Ruddie Deesly	rdeeslyex@biblegateway.com	Male	878 Monterey Place	Banff
539	Oliver	Woolam	Oliver Woolam	owoolamey@goo.gl	Male	928 Cascade Road	Kohtla-Järve
540	Nathalie	Guillotin	Nathalie Guillotin	nguillotinez@gov.uk	Female	76 Prairie Rose Road	Yasenevo
541	Filippo	Orhrt	Filippo Orhrt	forhrtf0@google.fr	Male	57 Valley Edge Court	Ngurensiti
542	Shelden	Yukhtin	Shelden Yukhtin	syukhtinf1@usda.gov	Male	25 Dottie Circle	Asemanis
543	Olive	Haugen	Olive Haugen	ohaugenf2@chicagotribune.com	Female	07779 Mariners Cove Trail	Jorok Dalam
544	Chauncey	Malyj	Chauncey Malyj	cmalyjf3@nsw.gov.au	Male	085 Troy Lane	Pakemitan Dua
545	Angelle	Esh	Angelle Esh	aeshf4@usa.gov	Female	30107 Monterey Point	Kfar NaOranim
546	Ario	Prator	Ario Prator	apratorf5@salon.com	Male	2 Luster Avenue	Lentisqueira
547	Vonni	Reece	Vonni Reece	vreecef6@yandex.ru	\N	2 Bay Road	Tuchengzi
548	Camellia	Tomaszek	Camellia Tomaszek	ctomaszekf7@columbia.edu	Female	5 Schiller Circle	Ciganaria
549	Leisha	Barthod	Leisha Barthod	lbarthodf8@google.de	\N	41943 Butternut Trail	Žandov
550	Pegeen	Kelby	Pegeen Kelby	pkelbyf9@army.mil	Female	36302 Crowley Pass	Tanahedang
551	Astra	Tilley	Astra Tilley	atilleyfa@cmu.edu	Female	1855 Loeprich Road	Muliang
552	Oralle	Tuer	Oralle Tuer	otuerfb@howstuffworks.com	Female	5309 Morrow Lane	Peraía
553	Natalee	Macci	Natalee Macci	nmaccifc@sun.com	Female	46936 Bunting Point	Suponevo
554	Hilde	Nancekivell	Hilde Nancekivell	hnancekivellfd@privacy.gov.au	Female	274 Maple Wood Pass	Karlstad
555	Sisely	Trythall	Sisely Trythall	strythallfe@hibu.com	Female	60 Nevada Lane	Xiaoyang
556	Emalee	Yurenin	Emalee Yurenin	eyureninff@dell.com	Female	9 American Ash Pass	Galamares
557	Shirleen	McQuirk	Shirleen McQuirk	smcquirkfg@amazonaws.com	\N	0465 Moose Center	Serra de Água
558	Saundra	Cockshutt	Saundra Cockshutt	scockshuttfh@artisteer.com	Female	72852 Donald Plaza	Mawa
559	Errol	Valentinetti	Errol Valentinetti	evalentinettifi@macromedia.com	Male	30 Caliangt Alley	Rauna
560	Reinold	Filyaev	Reinold Filyaev	rfilyaevfj@fastcompany.com	Male	84777 Scoville Plaza	Amqui
561	Gaby	des Remedios	Gaby des Remedios	gdesremediosfk@hatena.ne.jp	Female	5978 Artisan Plaza	Changning
562	Rory	Fawbert	Rory Fawbert	rfawbertfl@weebly.com	Female	0454 Garrison Circle	Dno
563	Dion	Gremane	Dion Gremane	dgremanefm@typepad.com	Female	85565 Lakewood Gardens Way	Červená Voda
564	Casey	Heilds	Casey Heilds	cheildsfn@miibeian.gov.cn	\N	722 Sloan Parkway	Stoney Ground
565	Brittan	Roseblade	Brittan Roseblade	brosebladefo@soundcloud.com	Female	0 Cordelia Street	Stockholm
566	Dorella	Kohtler	Dorella Kohtler	dkohtlerfp@mysql.com	Female	50 Hallows Place	Juyuan
567	Georgeanna	Hoys	Georgeanna Hoys	ghoysfq@stanford.edu	Female	1 Esker Place	Ciawi
568	Gasparo	Shillitoe	Gasparo Shillitoe	gshillitoefr@tuttocitta.it	Male	8 Hanover Terrace	Tala
569	Glennis	Lauritsen	Glennis Lauritsen	glauritsenfs@jigsy.com	\N	467 Hoepker Lane	Kalimeneng
570	Catherina	Caraher	Catherina Caraher	ccaraherft@freewebs.com	Female	6 Springs Court	Sinacaban
571	Dell	Giorgielli	Dell Giorgielli	dgiorgiellifu@lycos.com	Male	9 Northland Hill	Xiangxiang
572	Clint	Casino	Clint Casino	ccasinofv@buzzfeed.com	\N	1431 Becker Crossing	Houston
573	Isaak	Barrim	Isaak Barrim	ibarrimfw@com.com	Male	8796 Cherokee Alley	Sunne
574	Delbert	Maskell	Delbert Maskell	dmaskellfx@statcounter.com	Male	68 Dexter Court	Westonaria
575	Piper	Stockport	Piper Stockport	pstockportfy@springer.com	Female	0 Glendale Hill	Mirkovci
576	Pyotr	Konke	Pyotr Konke	pkonkefz@europa.eu	Male	64786 Washington Lane	Portland
577	Nonie	Gomby	Nonie Gomby	ngombyg0@sciencedaily.com	Female	25574 Delladonna Court	Sukoanyar
578	Richie	Mulderrig	Richie Mulderrig	rmulderrigg1@plala.or.jp	Male	729 Stoughton Place	Baihe
579	Aubrie	Wells	Aubrie Wells	awellsg2@cmu.edu	Female	202 Burning Wood Circle	Panenjoan
580	Skipton	Gouldsmith	Skipton Gouldsmith	sgouldsmithg3@fda.gov	Male	0796 Anzinger Place	Arcueil
581	Alec	Peirce	Alec Peirce	apeirceg4@google.pl	Male	6 Vernon Plaza	Rio Verde de Mato Grosso
582	Agustin	Seaborn	Agustin Seaborn	aseaborng5@yandex.ru	Male	17230 Darwin Alley	Sulahan
583	Vladamir	Hurdedge	Vladamir Hurdedge	vhurdedgeg6@oakley.com	\N	1318 Crescent Oaks Pass	Bida
584	Dorelle	Burgoyne	Dorelle Burgoyne	dburgoyneg7@joomla.org	Female	233 4th Junction	Sharga
585	Sunshine	Tesche	Sunshine Tesche	stescheg8@dailymail.co.uk	Female	611 Elgar Alley	Cajacay
586	Arman	Paddle	Arman Paddle	apaddleg9@cnn.com	Male	138 Summerview Trail	Port Colborne
587	Gilli	Sparkwell	Gilli Sparkwell	gsparkwellga@sciencedirect.com	Female	7 Fisk Pass	Nāḩīyat Saddat al Hindīyah
588	Nyssa	Roj	Nyssa Roj	nrojgb@china.com.cn	Female	8443 Manitowish Street	Singaparna
589	Elden	Chilles	Elden Chilles	echillesgc@networkadvertising.org	Male	19 Lakewood Gardens Junction	Metz
590	Burty	Summers	Burty Summers	bsummersgd@gizmodo.com	Male	75 Schiller Circle	Ketapang
591	Dick	Sendall	Dick Sendall	dsendallge@opensource.org	Male	5917 Quincy Trail	Erniusuokou
592	My	Dobey	My Dobey	mdobeygf@google.co.jp	\N	6593 Moose Parkway	Dizangué
593	Thaine	Drysdale	Thaine Drysdale	tdrysdalegg@eventbrite.com	Male	0 Hauk Plaza	Brnaze
594	Ward	Dewicke	Ward Dewicke	wdewickegh@ebay.co.uk	Male	52203 Hazelcrest Point	Basista
595	Brietta	Riddington	Brietta Riddington	briddingtongi@so-net.ne.jp	Female	34898 Ohio Avenue	Yongxing Chengguanzhen
596	Gaby	MacGilfoyle	Gaby MacGilfoyle	gmacgilfoylegj@twitter.com	Male	2235 Clarendon Avenue	Monsanto
597	Inglebert	Deadman	Inglebert Deadman	ideadmangk@census.gov	Male	6697 Kensington Center	Danauparis
598	Francisca	Noblett	Francisca Noblett	fnoblettgl@canalblog.com	\N	864 John Wall Terrace	Ban Phan Don
599	Morgana	Killwick	Morgana Killwick	mkillwickgm@mac.com	\N	68044 Colorado Alley	Tiebukenwusan
600	Lydia	Martynikhin	Lydia Martynikhin	lmartynikhingn@amazon.co.jp	Female	72 Rieder Trail	Shajing
601	Gordie	Mersey	Gordie Mersey	gmerseygo@cmu.edu	Male	0722 Florence Parkway	Tibati
602	Kimberli	Aymes	Kimberli Aymes	kaymesgp@nbcnews.com	Female	6 Alpine Plaza	Salacgrīva
603	Elwyn	Debold	Elwyn Debold	edeboldgq@jalbum.net	Male	07 Barnett Point	Novi Pazar
604	Erwin	Sygroves	Erwin Sygroves	esygrovesgr@nih.gov	Male	53 Algoma Lane	Cinco Saltos
605	Ivor	Pavlovic	Ivor Pavlovic	ipavlovicgs@newsvine.com	\N	74300 Vera Hill	Xicheng
606	Lorette	Thoresbie	Lorette Thoresbie	lthoresbiegt@usatoday.com	Female	41 Dawn Crossing	Tumpakkepuh
607	Augusto	Bader	Augusto Bader	abadergu@hatena.ne.jp	Male	2 Harbort Hill	Cibunut
608	Delmore	Kibbel	Delmore Kibbel	dkibbelgv@wisc.edu	Male	1 Merrick Plaza	Petrovo-Dal’neye
609	Caprice	Cahill	Caprice Cahill	ccahillgw@sfgate.com	Female	24 Bartillon Park	Naji
610	Geri	Foxworthy	Geri Foxworthy	gfoxworthygx@dagondesign.com	Male	08 Lyons Avenue	Árgos
611	Corliss	Leyland	Corliss Leyland	cleylandgy@google.com.hk	Female	62097 Fordem Court	Ciudad Nueva
612	Alecia	Cronchey	Alecia Cronchey	acroncheygz@aboutads.info	Female	76820 Elmside Lane	Malasiqui
613	Kimbra	Osorio	Kimbra Osorio	kosorioh0@java.com	Female	39499 Sugar Junction	Pánormos
614	Temp	MacAlpin	Temp MacAlpin	tmacalpinh1@quantcast.com	Male	94 3rd Trail	Złotniki
615	Parrnell	Overington	Parrnell Overington	poveringtonh2@gmpg.org	Male	08 Longview Alley	Vynohradove
616	Bil	Giacobillo	Bil Giacobillo	bgiacobilloh3@disqus.com	Male	59061 Lindbergh Circle	Dizhai
617	Claire	Birney	Claire Birney	cbirneyh4@surveymonkey.com	Female	6393 Jenna Hill	Penisihan
618	Auberta	Kingzeth	Auberta Kingzeth	akingzethh5@virginia.edu	Female	86346 Anniversary Avenue	Tarikolot
619	Tracie	Goscomb	Tracie Goscomb	tgoscombh6@upenn.edu	Female	62670 Sachs Way	Sydney
620	Vanessa	Smye	Vanessa Smye	vsmyeh7@tumblr.com	Female	9322 Jana Street	Rizal
621	Page	Yoseloff	Page Yoseloff	pyoseloffh8@mit.edu	Female	283 New Castle Crossing	Valence
622	Rriocard	Draycott	Rriocard Draycott	rdraycotth9@vimeo.com	Male	10 Dovetail Junction	João Alfredo
623	Bernita	Trotman	Bernita Trotman	btrotmanha@cdbaby.com	Female	5174 Haas Junction	San Antonio
624	April	Penfold	April Penfold	apenfoldhb@list-manage.com	Female	6231 Hallows Avenue	Storozhynets’
625	Boyce	Ripley	Boyce Ripley	bripleyhc@gravatar.com	Male	60 Twin Pines Way	Pagarbatu
626	Dael	Gaiter	Dael Gaiter	dgaiterhd@icio.us	Male	952 Ridge Oak Lane	Güira de Melena
627	Eadie	Baterip	Eadie Baterip	ebateriphe@va.gov	Female	86622 Main Junction	Bailu
628	Tirrell	Gothup	Tirrell Gothup	tgothuphf@woothemes.com	Male	46855 High Crossing Pass	Marsa Alam
629	Candis	Riggeard	Candis Riggeard	criggeardhg@dailymail.co.uk	Female	93 Oak Valley Crossing	Stavyshche
630	Shandy	Dillow	Shandy Dillow	sdillowhh@liveinternet.ru	Female	965 Crownhardt Parkway	Uzgen
631	Gerhard	Staniforth	Gerhard Staniforth	gstaniforthhi@canalblog.com	\N	63929 Green Ridge Street	San Julian
632	Hagan	Bridgewater	Hagan Bridgewater	hbridgewaterhj@sourceforge.net	Male	06127 Paget Alley	Chengtou
633	Kele	Targetter	Kele Targetter	ktargetterhk@redcross.org	Male	6696 Boyd Terrace	Khiv
634	Aloysius	Burle	Aloysius Burle	aburlehl@army.mil	Male	3 Dahle Hill	Wosai
635	Ericha	Libermore	Ericha Libermore	elibermorehm@dagondesign.com	\N	8 Melby Pass	Greensboro
636	Dari	Baselio	Dari Baselio	dbaseliohn@wisc.edu	Female	05092 Pearson Street	Pexiligais
637	Idaline	Franzelini	Idaline Franzelini	ifranzeliniho@harvard.edu	Female	6696 Dwight Place	Bayonne
638	Barton	Crutch	Barton Crutch	bcrutchhp@senate.gov	Male	0297 Kedzie Road	Inari
639	Rowan	Gress	Rowan Gress	rgresshq@github.io	Male	762 Straubel Terrace	Xinzheng
640	Lizabeth	Langtry	Lizabeth Langtry	llangtryhr@infoseek.co.jp	Female	2092 Golden Leaf Point	Maymana
641	Sigismund	Shoveller	Sigismund Shoveller	sshovellerhs@nymag.com	Male	47490 Fisk Street	Cileuya
642	Andres	Sunman	Andres Sunman	asunmanht@independent.co.uk	Male	9517 Carberry Plaza	Shiraoi
643	Baldwin	Petruszka	Baldwin Petruszka	bpetruszkahu@webs.com	Male	8109 Rusk Pass	Laohekou
644	Gardy	Boater	Gardy Boater	gboaterhv@netscape.com	Male	560 Tennessee Alley	Zárkos
645	Gaston	Strick	Gaston Strick	gstrickhw@yelp.com	\N	862 Manufacturers Parkway	Bukowina Tatrzańska
646	Kalila	Clayhill	Kalila Clayhill	kclayhillhx@webmd.com	\N	0611 International Street	Wao
647	Tuckie	Sproston	Tuckie Sproston	tsprostonhy@dropbox.com	Male	4738 Susan Court	Żurowa
648	Ynes	Mouncher	Ynes Mouncher	ymouncherhz@flavors.me	Female	979 Schlimgen Alley	Hamanoichi
649	Nonah	Heak	Nonah Heak	nheaki0@miibeian.gov.cn	\N	9 Upham Avenue	Municipio de Copacabana
650	Andonis	Cradick	Andonis Cradick	acradicki1@who.int	Male	49066 Maywood Alley	Damnoen Saduak
651	Lorine	Claussen	Lorine Claussen	lclausseni2@woothemes.com	Female	437 5th Alley	Nazca
652	Bernete	Ramas	Bernete Ramas	bramasi3@imdb.com	Female	844 Green Trail	Bulusari
653	Isidora	Rippon	Isidora Rippon	iripponi4@discuz.net	Female	2640 Vernon Parkway	Buhe
654	Brice	Askey	Brice Askey	baskeyi5@pagesperso-orange.fr	Male	0 Glendale Center	Zaolin
655	Verna	Paternoster	Verna Paternoster	vpaternosteri6@state.gov	Female	0 Blue Bill Park Avenue	Cuiabá
656	Jerrine	Van der Krui	Jerrine Van der Krui	jvanderkruii7@elpais.com	Female	22455 Lindbergh Alley	Genova
657	Seth	Healy	Seth Healy	shealyi8@instagram.com	Male	6 Johnson Place	Sasayama
658	Sherline	Rablin	Sherline Rablin	srablini9@topsy.com	Female	95 Walton Junction	Daping
659	Arlyne	MacCart	Arlyne MacCart	amaccartia@weibo.com	Female	365 Tennyson Parkway	Saint-Avold
660	Redford	Maystone	Redford Maystone	rmaystoneib@twitpic.com	Male	399 Del Mar Trail	San Miguel
661	Gradey	Keable	Gradey Keable	gkeableic@psu.edu	Male	826 Paget Junction	Gasan
662	Lem	Farfoot	Lem Farfoot	lfarfootid@altervista.org	Male	39 Aberg Park	Khong Chai
663	Kelcey	Porson	Kelcey Porson	kporsonie@de.vu	Female	2 Dahle Point	Paprotnia
664	Clarinda	Blight	Clarinda Blight	cblightif@oracle.com	Female	37 Becker Plaza	Batumi
665	Tracey	Shildrake	Tracey Shildrake	tshildrakeig@storify.com	Female	81370 Steensland Street	Glamang
666	Alexio	Quan	Alexio Quan	aquanih@sfgate.com	Male	50491 Jay Avenue	Temorlorong
667	Celka	Berriman	Celka Berriman	cberrimanii@si.edu	\N	05191 Bowman Parkway	Międzybrodzie Bialskie
668	Kilian	Kees	Kilian Kees	kkeesij@telegraph.co.uk	Male	14028 Merry Trail	San Pedro
669	Markus	Ianiello	Markus Ianiello	mianielloik@telegraph.co.uk	\N	86 Maple Court	Tigbaw
670	Gan	Killough	Gan Killough	gkilloughil@google.it	\N	2152 Spaight Street	Zepita
671	Huntlee	Dixon	Huntlee Dixon	hdixonim@cnn.com	\N	341 Park Meadow Parkway	São Paio de Seide
672	Kathleen	Grovier	Kathleen Grovier	kgrovierin@purevolume.com	Female	3 Glacier Hill Avenue	Chaiwan
673	Kristoforo	Rosendorf	Kristoforo Rosendorf	krosendorfio@statcounter.com	\N	41 Mariners Cove Parkway	Palhoça
674	Shana	Hedger	Shana Hedger	shedgerip@comsenz.com	Female	63416 Arkansas Terrace	São Tomé
675	Britt	Millbank	Britt Millbank	bmillbankiq@cbsnews.com	Male	07742 Esch Court	Chinju
676	Doralia	Juszkiewicz	Doralia Juszkiewicz	djuszkiewiczir@lycos.com	\N	787 Nancy Hill	Luzon
677	Delainey	Eagan	Delainey Eagan	deaganis@kickstarter.com	Male	547 Straubel Avenue	Shigony
678	Sari	Tott	Sari Tott	stottit@bluehost.com	Female	3 East Avenue	Zhuli
679	Almeria	Arson	Almeria Arson	aarsoniu@blogtalkradio.com	\N	658 Mccormick Avenue	Meneou
680	Anne-corinne	Botham	Anne-corinne Botham	abothamiv@unesco.org	Female	3391 Schlimgen Court	Zebrzydowice
681	Etan	Trickey	Etan Trickey	etrickeyiw@ucoz.ru	Male	864 Russell Lane	Gómez
682	Milka	Von Helmholtz	Milka Von Helmholtz	mvonhelmholtzix@weather.com	Female	588 Fuller Way	Qinling Jieban
683	Barris	Dedon	Barris Dedon	bdedoniy@devhub.com	Male	000 Truax Circle	Mendeleyevo
684	Bettine	Minihane	Bettine Minihane	bminihaneiz@cafepress.com	Female	54 Emmet Plaza	Panitan
685	Adolpho	Griffin	Adolpho Griffin	agriffinj0@soundcloud.com	Male	453 Ohio Center	Wonorejo
686	Anson	Kerswell	Anson Kerswell	akerswellj1@studiopress.com	Male	5991 Pine View Place	Vinsady
687	Ephrem	Daoust	Ephrem Daoust	edaoustj2@prweb.com	Male	9656 Fuller Circle	Xinghe Chengguanzhen
688	Abe	Izakson	Abe Izakson	aizaksonj3@weibo.com	Male	14 Dorton Junction	Nossebro
689	Denny	Dossantos	Denny Dossantos	ddossantosj4@ebay.co.uk	\N	3 Glacier Hill Terrace	Ćmielów
690	Addy	Marston	Addy Marston	amarstonj5@ed.gov	Male	26714 Valley Edge Lane	Inowrocław
691	Pren	Fireman	Pren Fireman	pfiremanj6@wsj.com	Male	236 Burning Wood Plaza	Kołbaskowo
692	Marie-jeanne	Hawkins	Marie-jeanne Hawkins	mhawkinsj7@umn.edu	Female	75928 Mariners Cove Circle	Manola
693	Benedikt	Sidaway	Benedikt Sidaway	bsidawayj8@scribd.com	Male	7232 Oxford Crossing	Manas
694	Ed	Beesley	Ed Beesley	ebeesleyj9@w3.org	Male	145 Vernon Pass	Huai’an
695	Ailbert	Rustidge	Ailbert Rustidge	arustidgeja@cornell.edu	Male	0621 Hooker Street	Pasararba
696	Daniele	Krolik	Daniele Krolik	dkrolikjb@dion.ne.jp	Female	811 Melody Crossing	Goshogawara
697	Danna	Beal	Danna Beal	dbealjc@qq.com	Female	58 Canary Junction	Zamoskvorech’ye
698	Matteo	Bozworth	Matteo Bozworth	mbozworthjd@nsw.gov.au	Male	7264 Quincy Plaza	Chengyang
699	Harmonia	Fores	Harmonia Fores	hforesje@eventbrite.com	Female	879 Daystar Circle	New Hyde Park
700	Guy	Fine	Guy Fine	gfinejf@nydailynews.com	Male	02847 Comanche Center	La Rioja
701	Bradly	Bentson	Bradly Bentson	bbentsonjg@elpais.com	Male	01273 Golf Course Center	Kalino
702	Noak	Toll	Noak Toll	ntolljh@printfriendly.com	Male	0152 Fallview Drive	Atlanta
703	Henrik	Tassaker	Henrik Tassaker	htassakerji@narod.ru	Male	378 John Wall Circle	Colonia Catuete
704	Ilyse	Gerant	Ilyse Gerant	igerantjj@google.ru	Female	4796 Blackbird Place	San Simón
705	Gage	Thorne	Gage Thorne	gthornejk@deliciousdays.com	Male	019 Lunder Way	Riyue
706	Lilith	Tart	Lilith Tart	ltartjl@hostgator.com	Female	36404 Carey Terrace	Kondoa
707	Vitoria	Twamley	Vitoria Twamley	vtwamleyjm@foxnews.com	Female	357 Burning Wood Drive	Gamping Lor
708	Jayme	Sneddon	Jayme Sneddon	jsneddonjn@hostgator.com	Female	3 Fremont Court	Ágios Stéfanos
709	Claudetta	Mallia	Claudetta Mallia	cmalliajo@forbes.com	Female	55 Onsgard Park	Amman
710	Feodor	Songest	Feodor Songest	fsongestjp@biblegateway.com	Male	283 Maywood Avenue	Citundun
711	Ailey	Tunsley	Ailey Tunsley	atunsleyjq@4shared.com	Female	730 Algoma Circle	Cusco
712	Cirstoforo	Picardo	Cirstoforo Picardo	cpicardojr@buzzfeed.com	Male	33586 Sheridan Place	Kalapanunggal
713	Olivie	Thew	Olivie Thew	othewjs@goo.ne.jp	Female	9 Roxbury Way	Montbéliard
714	Ossie	Clemencon	Ossie Clemencon	oclemenconjt@mac.com	Male	0140 1st Center	Pabean
715	Auria	Muirden	Auria Muirden	amuirdenju@webs.com	Female	04 Meadow Valley Road	Qitai
716	Ignacius	Adamsen	Ignacius Adamsen	iadamsenjv@rambler.ru	\N	9734 School Court	Chakaray
717	Stavros	Lynam	Stavros Lynam	slynamjw@wisc.edu	Male	443 Artisan Alley	Krugersdorp
718	Marna	Punch	Marna Punch	mpunchjx@vinaora.com	Female	61 Emmet Lane	Guan’e
719	Julietta	Duval	Julietta Duval	jduvaljy@skype.com	Female	3644 Maple Court	Columbus
720	Ray	Barnwell	Ray Barnwell	rbarnwelljz@wisc.edu	Male	4050 Golf Course Terrace	Västerås
721	Stefan	Brolly	Stefan Brolly	sbrollyk0@nifty.com	Male	8101 Schlimgen Terrace	Awat
722	Nicolas	Whitewood	Nicolas Whitewood	nwhitewoodk1@livejournal.com	Male	941 Hagan Road	Söderhamn
723	Olivette	Botterman	Olivette Botterman	obottermank2@delicious.com	Female	44 Fairfield Crossing	Ust’-Koksa
724	Adolpho	Chippin	Adolpho Chippin	achippink3@vimeo.com	Male	157 Schurz Park	Qianfoling
725	Andy	Keenor	Andy Keenor	akeenork4@dot.gov	Female	4 Onsgard Alley	Moche
726	Nicolai	Dublin	Nicolai Dublin	ndublink5@live.com	Male	9903 Bellgrove Lane	Tsivil’sk
727	Juan	Olivera	Juan Olivera	joliverak6@cdbaby.com	Male	44832 Doe Crossing Alley	La Courneuve
728	Candide	Jacqueminet	Candide Jacqueminet	cjacqueminetk7@bravesites.com	Female	80817 Superior Parkway	Telagaselaba
729	Tore	Eggleton	Tore Eggleton	teggletonk8@ebay.com	Male	22272 Chinook Place	Mbandaka
730	Woodman	Cocklie	Woodman Cocklie	wcockliek9@comcast.net	Male	4209 Lerdahl Pass	Sal’sk
731	Bride	Dommett	Bride Dommett	bdommettka@miitbeian.gov.cn	Female	1 Green Ridge Point	Renyi
732	Malynda	MacMorland	Malynda MacMorland	mmacmorlandkb@businesswire.com	Female	8 Mallory Trail	Leganes
733	Ronna	Pellington	Ronna Pellington	rpellingtonkc@mayoclinic.com	Female	31408 Sunfield Lane	Diamantina
734	Erie	Walshaw	Erie Walshaw	ewalshawkd@istockphoto.com	Male	7 Susan Street	Chaeryŏng-ŭp
735	Arch	Terbrugge	Arch Terbrugge	aterbruggeke@oracle.com	Male	9372 Sachs Park	Masarayao
736	Augustine	Comino	Augustine Comino	acominokf@jiathis.com	Male	7499 Northport Pass	Dhī Nā‘im
737	Carlo	Kitchingman	Carlo Kitchingman	ckitchingmankg@printfriendly.com	Male	19859 Kensington Alley	Klukeng
738	Egon	Covey	Egon Covey	ecoveykh@apache.org	Male	15 Express Drive	Dokshytsy
739	Cherri	Ruller	Cherri Ruller	crullerki@unc.edu	\N	2 Beilfuss Road	Ungca
740	Claudia	Wanderschek	Claudia Wanderschek	cwanderschekkj@geocities.com	Female	7676 Birchwood Avenue	Changfu
741	Arlyne	Manchett	Arlyne Manchett	amanchettkk@creativecommons.org	Female	4 4th Way	Hongqi
742	Davis	Labrone	Davis Labrone	dlabronekl@washingtonpost.com	Male	2412 Boyd Parkway	Kadusimbar
743	Cob	Avann	Cob Avann	cavannkm@deliciousdays.com	Male	674 Kings Way	An Naşşārīyah
744	Germayne	Westby	Germayne Westby	gwestbykn@nhs.uk	Male	804 Eastlawn Circle	Auxerre
745	Auria	Brafield	Auria Brafield	abrafieldko@nba.com	Female	11415 Fremont Plaza	Zwettl
746	Sancho	Ravilus	Sancho Ravilus	sraviluskp@mysql.com	Male	0598 Parkside Hill	Furmanov
747	Dareen	Leguay	Dareen Leguay	dleguaykq@nifty.com	Female	5 Hayes Point	Tân Hiệp
748	Mandy	Frane	Mandy Frane	mfranekr@github.io	Female	22 Parkside Court	Dvorovi
749	Kaleena	Baddiley	Kaleena Baddiley	kbaddileyks@jimdo.com	Female	3526 Hayes Hill	Hantai
750	Artus	Crowcum	Artus Crowcum	acrowcumkt@hugedomains.com	Male	7 Anderson Center	Hongdu
751	Corbet	Bennetts	Corbet Bennetts	cbennettsku@google.ca	Male	11014 Briar Crest Junction	Tonga
752	Larisa	Munday	Larisa Munday	lmundaykv@dion.ne.jp	Female	69 Ridgeway Plaza	Hekou
753	Marianna	Cashmore	Marianna Cashmore	mcashmorekw@npr.org	Female	2 Northridge Junction	Vysoké nad Jizerou
754	Josiah	Baynam	Josiah Baynam	jbaynamkx@jalbum.net	Male	028 Di Loreto Junction	Porangaba
755	Carlene	Yakubovich	Carlene Yakubovich	cyakubovichky@statcounter.com	Female	05 American Ash Park	Sviblovo
756	Garrard	Edwinson	Garrard Edwinson	gedwinsonkz@sciencedaily.com	\N	5 Autumn Leaf Point	Bakıxanov
757	Brody	Reddish	Brody Reddish	breddishl0@weather.com	Male	107 Burrows Street	Daşoguz
758	Sydelle	Viveash	Sydelle Viveash	sviveashl1@nhs.uk	Female	8 Northridge Trail	Tiaong
759	Cozmo	Oakwood	Cozmo Oakwood	coakwoodl2@tuttocitta.it	Male	15395 Dorton Way	Catabola
760	Nichol	Dimond	Nichol Dimond	ndimondl3@theatlantic.com	Female	50709 International Hill	Guanghou
761	Jerrold	Farraway	Jerrold Farraway	jfarrawayl4@cisco.com	Male	48451 Melvin Drive	Valence
762	Jordanna	Critoph	Jordanna Critoph	jcritophl5@sohu.com	Female	097 Bunting Way	Sokol
763	Hetty	Danhel	Hetty Danhel	hdanhell6@yellowpages.com	Female	4 Bluestem Terrace	Uppsala
764	Randy	Scroxton	Randy Scroxton	rscroxtonl7@storify.com	Female	11511 Darwin Crossing	Selenicë
765	Horatius	Cammacke	Horatius Cammacke	hcammackel8@gov.uk	Male	689 Meadow Ridge Plaza	Weiyuankou
766	Darnall	Turland	Darnall Turland	dturlandl9@skype.com	Male	9 Beilfuss Hill	Marxog
767	Christiano	Bedlington	Christiano Bedlington	cbedlingtonla@dropbox.com	Male	2 Basil Point	Farsta
768	Alikee	Firpi	Alikee Firpi	afirpilb@stanford.edu	Female	272 Bashford Pass	Sherwood Park
769	Moishe	Hinnerk	Moishe Hinnerk	mhinnerklc@nba.com	Male	120 Sheridan Point	Kalayemule
770	Charil	Larive	Charil Larive	clariveld@ucsd.edu	Female	09 Pepper Wood Pass	Volodymyr-Volyns’kyy
771	Charmaine	Eyres	Charmaine Eyres	ceyresle@google.fr	Female	65208 Acker Crossing	Tanbu
772	Maryrose	Lawless	Maryrose Lawless	mlawlesslf@hud.gov	\N	5 Thompson Plaza	Balud
773	Othello	De Beauchemp	Othello De Beauchemp	odebeauchemplg@umich.edu	Male	387 Main Lane	Terenozek
774	Laughton	Shelper	Laughton Shelper	lshelperlh@microsoft.com	Male	3385 Nelson Trail	Klang
775	Toby	Batiste	Toby Batiste	tbatisteli@bbc.co.uk	Male	4506 Logan Trail	Manique de Baixo
776	Jayson	Klampk	Jayson Klampk	jklampklj@example.com	Male	505 Columbus Drive	Avignon
777	Trevar	Braley	Trevar Braley	tbraleylk@blogger.com	Male	4778 8th Trail	Liulang
778	Elfreda	Heal	Elfreda Heal	ehealll@sina.com.cn	Female	8 Saint Paul Terrace	Messejana
779	Krystalle	Sadd	Krystalle Sadd	ksaddlm@studiopress.com	Female	0 Russell Crossing	Tari
780	Charlena	Pennone	Charlena Pennone	cpennoneln@msu.edu	Female	49 Upham Trail	Khvastovichi
781	Normie	De Bischop	Normie De Bischop	ndebischoplo@cyberchimps.com	Male	1 Loomis Drive	Sępopol
782	Gerhardt	Nuemann	Gerhardt Nuemann	gnuemannlp@drupal.org	Male	0078 8th Terrace	Luoping
783	Grata	McMurrugh	Grata McMurrugh	gmcmurrughlq@disqus.com	Female	3262 Birchwood Junction	Camajuaní
784	Helga	Buney	Helga Buney	hbuneylr@ezinearticles.com	Female	9584 Maple Trail	Catac
785	Christie	Vouls	Christie Vouls	cvoulsls@harvard.edu	Female	9559 Lotheville Point	Jifarong
786	Nona	Carnall	Nona Carnall	ncarnalllt@deviantart.com	Female	9 2nd Trail	Ogod
787	Marci	Mayte	Marci Mayte	mmaytelu@opera.com	\N	555 Maywood Court	San Antonio
788	Emily	Whitebread	Emily Whitebread	ewhitebreadlv@addthis.com	Female	8 Hayes Crossing	Täby
789	Mervin	Humber	Mervin Humber	mhumberlw@wiley.com	Male	63118 Utah Crossing	Weizhou
790	Zach	Devenport	Zach Devenport	zdevenportlx@utexas.edu	Male	788 Columbus Parkway	Tongqian
791	Jo	Clemon	Jo Clemon	jclemonly@cnet.com	Female	5 Dawn Trail	Werbkowice
792	Andrew	Challiner	Andrew Challiner	achallinerlz@macromedia.com	Male	00 Mosinee Junction	Babakanbungur
793	Grier	Quadri	Grier Quadri	gquadrim0@google.nl	Female	94597 Kedzie Road	Kungsbacka
794	Christabel	Bonnell	Christabel Bonnell	cbonnellm1@craigslist.org	Female	46084 Forster Hill	Oeiras
795	Annadiana	Dranfield	Annadiana Dranfield	adranfieldm2@go.com	Female	4534 Rigney Place	El Kef
796	Pepe	Chiplin	Pepe Chiplin	pchiplinm3@comcast.net	Male	6405 East Plaza	Moundou
797	Orelie	Ivoshin	Orelie Ivoshin	oivoshinm4@elegantthemes.com	Female	704 Pleasure Alley	Aurelliana
798	Tally	Alenin	Tally Alenin	taleninm5@theatlantic.com	Male	941 Kennedy Trail	Tokuyama
799	Brande	Crippin	Brande Crippin	bcrippinm6@cargocollective.com	Female	721 Loftsgordon Way	Bader
800	Lyndsie	Vondracek	Lyndsie Vondracek	lvondracekm7@nifty.com	Female	72 Ludington Court	Sherwood Park
801	Roley	O'Hearn	Roley O'Hearn	rohearnm8@reuters.com	Male	97 Muir Road	Quinta
802	Ralf	Lawland	Ralf Lawland	rlawlandm9@ft.com	Male	52 Hansons Hill	Gweedore
803	Ermentrude	Norcross	Ermentrude Norcross	enorcrossma@accuweather.com	Female	322 Westridge Junction	Pradera
804	Norene	Innerstone	Norene Innerstone	ninnerstonemb@tuttocitta.it	Female	8 Kings Crossing	Carrascal
805	Judith	Vandrill	Judith Vandrill	jvandrillmc@marriott.com	Female	1 Judy Parkway	Acolla
806	Ursuline	Deverson	Ursuline Deverson	udeversonmd@deviantart.com	Female	911 Ryan Trail	Jixin
807	Ode	Derdes	Ode Derdes	oderdesme@fotki.com	Male	9054 Kennedy Pass	Masalovka
808	Henriette	Barford	Henriette Barford	hbarfordmf@adobe.com	Female	210 Harper Way	Yoshida-kasugachō
809	Chev	Dwyr	Chev Dwyr	cdwyrmg@nih.gov	Male	785 Judy Street	Dobrovo
810	Byrann	Prosh	Byrann Prosh	bproshmh@tinypic.com	Male	27068 Starling Park	Pingpo
811	Staffard	Bramall	Staffard Bramall	sbramallmi@blinklist.com	\N	90271 Artisan Circle	Del Valle
812	Sonia	Kimmons	Sonia Kimmons	skimmonsmj@noaa.gov	\N	330 Jay Center	Fenyan
813	Danette	Pavelka	Danette Pavelka	dpavelkamk@cdc.gov	Female	3483 Village Green Road	Krzeszów
814	Carlota	Schade	Carlota Schade	cschademl@discovery.com	Female	80 Ramsey Avenue	Baliton
815	Karrie	Butte	Karrie Butte	kbuttemm@wikimedia.org	Female	2 Trailsway Circle	Carson City
816	Krystle	Rowlinson	Krystle Rowlinson	krowlinsonmn@telegraph.co.uk	Female	270 Nancy Pass	Juzhen
817	Sonny	Hindmore	Sonny Hindmore	shindmoremo@prweb.com	Female	448 Stone Corner Terrace	Štitar
818	Jen	Bartusek	Jen Bartusek	jbartusekmp@creativecommons.org	\N	0 Grim Circle	Karangpaningal
819	Eberhard	Wyborn	Eberhard Wyborn	ewybornmq@toplist.cz	Male	01917 Rigney Trail	Jauja
820	Eben	Vankeev	Eben Vankeev	evankeevmr@photobucket.com	Male	92 Emmet Street	Bayt ‘Ūr at Taḩtā
821	Sherm	Telezhkin	Sherm Telezhkin	stelezhkinms@google.com.au	Male	92 Union Drive	Balagon
822	Kennett	Lepoidevin	Kennett Lepoidevin	klepoidevinmt@comsenz.com	Male	6 Forster Street	Santa Elena
823	Nathalie	Grimmer	Nathalie Grimmer	ngrimmermu@cdc.gov	Female	6 Hintze Trail	Kunyang
824	Hamnet	Puttick	Hamnet Puttick	hputtickmv@hatena.ne.jp	Male	0 Dakota Center	Xinjia
825	Henrik	Rangle	Henrik Rangle	hranglemw@youtu.be	Male	322 Mayer Alley	Rautalampi
826	Rey	Camblin	Rey Camblin	rcamblinmx@example.com	\N	4 Waubesa Street	Daguyun
827	Jacklin	Spinella	Jacklin Spinella	jspinellamy@artisteer.com	\N	6830 Caliangt Junction	Gaoua
828	Georgine	Triebner	Georgine Triebner	gtriebnermz@theatlantic.com	Female	55 Moland Parkway	Wongaya Kaja
829	Abrahan	De Carolis	Abrahan De Carolis	adecarolisn0@fda.gov	Male	500 Melrose Crossing	Cuozheqiangma
830	Ganny	Kinchin	Ganny Kinchin	gkinchinn1@hc360.com	Male	751 Independence Pass	Daxing
831	Padraig	Melloy	Padraig Melloy	pmelloyn2@blog.com	Male	7 Westerfield Pass	Guérande
832	Locke	McLuckie	Locke McLuckie	lmcluckien3@umich.edu	Male	5 Merchant Court	Las Heras
833	Myrwyn	Kyne	Myrwyn Kyne	mkynen4@lulu.com	\N	8357 Butterfield Circle	Lahad Datu
834	Krysta	Ticksall	Krysta Ticksall	kticksalln5@fastcompany.com	Female	49555 Northwestern Crossing	La Cesira
835	Garrard	Swaile	Garrard Swaile	gswailen6@plala.or.jp	\N	006 Fuller Plaza	Las Flores
836	Griff	Brixey	Griff Brixey	gbrixeyn7@jigsy.com	Male	535 Trailsway Junction	Đắk Mil
837	Estevan	Lavington	Estevan Lavington	elavingtonn8@behance.net	Male	3 Erie Plaza	Kryry
838	Lesli	Libbe	Lesli Libbe	llibben9@cmu.edu	Female	48 Lakewood Trail	Kangle
839	Gasparo	Luscott	Gasparo Luscott	gluscottna@walmart.com	Male	9 Arrowood Point	Zlonice
840	Crista	Coddington	Crista Coddington	ccoddingtonnb@princeton.edu	Female	81622 Moulton Avenue	Monastir
841	Niko	Casazza	Niko Casazza	ncasazzanc@studiopress.com	Male	0 Hayes Avenue	Beishan
842	Chrissie	Hoff	Chrissie Hoff	choffnd@tamu.edu	Male	03 Rowland Street	Pasacao
843	Blanca	Waddams	Blanca Waddams	bwaddamsne@gizmodo.com	Female	6012 Pennsylvania Place	Yanmen
844	Glennis	Muspratt	Glennis Muspratt	gmusprattnf@phpbb.com	Female	103 Comanche Circle	Legionowo
845	Alysia	Gooddie	Alysia Gooddie	agooddieng@pen.io	\N	72100 Vahlen Way	Nyíregyháza
846	Aubrey	Schleswig-Holstein	Aubrey Schleswig-Holstein	aschleswigholsteinnh@independent.co.uk	Male	8197 Cottonwood Hill	Ludwin
847	Chico	Benbrick	Chico Benbrick	cbenbrickni@rediff.com	Male	25605 Lyons Street	Washington
848	Udell	Adamini	Udell Adamini	uadamininj@google.es	Male	643 Trailsway Place	Dongxin
849	Roddy	Mazey	Roddy Mazey	rmazeynk@google.ca	Male	6295 Butternut Trail	Marinhais
850	Desdemona	Baylis	Desdemona Baylis	dbaylisnl@aboutads.info	\N	72 Emmet Crossing	Pura
851	Brendon	Jeffrey	Brendon Jeffrey	bjeffreynm@cpanel.net	Male	73354 Warrior Crossing	Cotuí
852	Luis	Warhurst	Luis Warhurst	lwarhurstnn@zimbio.com	Male	986 Bunting Street	Kapasan
853	Adamo	Chidlow	Adamo Chidlow	achidlowno@com.com	Male	32 Twin Pines Lane	Old Shinyanga
854	Clio	Tremayle	Clio Tremayle	ctremaylenp@squarespace.com	Female	81 Red Cloud Court	Tambac
855	Marijo	Christoforou	Marijo Christoforou	mchristoforounq@privacy.gov.au	Female	63 Oriole Point	Yacuíba
856	Viviene	Binny	Viviene Binny	vbinnynr@cdbaby.com	Female	244 Cordelia Court	Łąka Prudnicka
857	Alverta	MacKenny	Alverta MacKenny	amackennyns@1und1.de	Female	85196 Granby Park	Hamilton
858	Mireille	Garaway	Mireille Garaway	mgarawaynt@meetup.com	Female	6 Luster Avenue	Chak
859	Fae	Indruch	Fae Indruch	findruchnu@ucoz.com	Female	0568 Dorton Place	Zouérat
860	Leia	McTague	Leia McTague	lmctaguenv@hud.gov	Female	42 Hagan Junction	Oslomej
861	Tammy	Hiner	Tammy Hiner	thinernw@nasa.gov	Female	2991 Truax Pass	Pulian
862	Janie	Baxandall	Janie Baxandall	jbaxandallnx@chronoengine.com	Female	2384 8th Court	Debrzno
863	Min	Hotton	Min Hotton	mhottonny@example.com	Female	1 Twin Pines Junction	Kabar Utara
864	Marcelle	De Coursey	Marcelle De Coursey	mdecourseynz@cdc.gov	Female	9285 Quincy Court	Mary
865	Herman	Kille	Herman Kille	hkilleo0@nasa.gov	Male	95 Derek Point	Qixian
866	Rayshell	Filippazzo	Rayshell Filippazzo	rfilippazzoo1@google.com.br	Female	52155 Ridgeway Point	Cibungur
867	Ardeen	Tilson	Ardeen Tilson	atilsono2@xrea.com	Female	151 Ludington Plaza	Qingnianlu
868	Patty	Gard	Patty Gard	pgardo3@twitpic.com	\N	95233 Hagan Circle	Naranjal
869	Sasha	Liddicoat	Sasha Liddicoat	sliddicoato4@ucsd.edu	Male	411 Golf Lane	Wilfrido Loor Moreira
870	Flinn	Abadam	Flinn Abadam	fabadamo5@redcross.org	Male	479 Mariners Cove Lane	Semarapura
871	Netta	Swiers	Netta Swiers	nswierso6@yelp.com	Female	93618 Schlimgen Terrace	Omurtag
872	Phaedra	Ambrosini	Phaedra Ambrosini	pambrosinio7@squarespace.com	Female	195 Luster Drive	San Diego
873	Clark	McIlrath	Clark McIlrath	cmcilratho8@scribd.com	Male	937 Onsgard Crossing	Vespasiano
874	Caitrin	Battison	Caitrin Battison	cbattisono9@irs.gov	Female	11 Crowley Place	Al Qurayn
875	Jillana	Sine	Jillana Sine	jsineoa@lycos.com	Female	95900 Golf Way	Osveya
876	Dena	Winkett	Dena Winkett	dwinkettob@dion.ne.jp	Female	0 Katie Place	Hesi
877	Duane	Mordey	Duane Mordey	dmordeyoc@uol.com.br	Male	96 Merrick Lane	Chernomorskiy
878	Johnath	Peacey	Johnath Peacey	jpeaceyod@friendfeed.com	Female	5 Farmco Plaza	Bluefields
879	Cherilyn	Jillis	Cherilyn Jillis	cjillisoe@studiopress.com	Female	53106 Barnett Place	Tizgane
880	Dalton	De Stoop	Dalton De Stoop	ddestoopof@odnoklassniki.ru	\N	94285 Nevada Lane	Bairan
881	Michale	Nazareth	Michale Nazareth	mnazarethog@constantcontact.com	Male	49051 Montana Pass	Jincheng
882	Josephina	Laybourne	Josephina Laybourne	jlaybourneoh@comcast.net	Female	194 Michigan Trail	Renhe
883	Hazel	Stedson	Hazel Stedson	hstedsonoi@gizmodo.com	\N	82 Prentice Alley	Brušperk
884	Marvin	Pallant	Marvin Pallant	mpallantoj@yelp.com	Male	39 Rowland Drive	Harbin
885	Berti	Pauler	Berti Pauler	bpaulerok@paypal.com	Female	6663 Pepper Wood Lane	Wujia
886	Almeria	Atcock	Almeria Atcock	aatcockol@cnbc.com	Female	85293 Eagan Avenue	Quinta
887	Aurthur	Vivien	Aurthur Vivien	avivienom@ibm.com	\N	14620 Mayer Street	Cabañas
888	Letti	Stivers	Letti Stivers	lstiverson@alexa.com	Female	9 Waywood Hill	Xinglong
889	Sharona	Lyfe	Sharona Lyfe	slyfeoo@cargocollective.com	\N	0661 Truax Junction	Xinbei
890	Traver	Officer	Traver Officer	tofficerop@wix.com	\N	00309 Fairview Place	Weizheng
891	Darn	Grinyer	Darn Grinyer	dgrinyeroq@nytimes.com	Male	51535 Kim Circle	Munka-Ljungby
892	Constantin	Ross	Constantin Ross	crossor@youtu.be	Male	42945 Vermont Center	Presidencia Roque Sáenz Peña
893	Gardener	Arney	Gardener Arney	garneyos@miibeian.gov.cn	Male	26 Sherman Plaza	Krajan
894	Emmery	Mattaser	Emmery Mattaser	emattaserot@techcrunch.com	Male	07 Talmadge Drive	Concepción
895	Frederick	Giscken	Frederick Giscken	fgisckenou@wufoo.com	Male	66327 Lake View Drive	Casalinho
896	Cornela	Burt	Cornela Burt	cburtov@t-online.de	Female	8296 Myrtle Lane	Korobitsyno
897	Armin	Loxly	Armin Loxly	aloxlyow@admin.ch	Male	85 4th Hill	Putun
898	Gustavus	Ambrosoli	Gustavus Ambrosoli	gambrosoliox@twitter.com	Male	0745 Northfield Terrace	Volot
899	Mozelle	Smee	Mozelle Smee	msmeeoy@accuweather.com	Female	90 Vernon Park	Sundsvall
900	Patrizius	Mallard	Patrizius Mallard	pmallardoz@twitter.com	Male	92 5th Junction	Caronoan West
901	Alvy	Bladen	Alvy Bladen	abladenp0@canalblog.com	Male	90 Sutherland Road	Kalisabuk
902	Pen	Ruppertz	Pen Ruppertz	pruppertzp1@senate.gov	Male	1636 La Follette Pass	Pingling
903	Therese	Vowden	Therese Vowden	tvowdenp2@state.tx.us	\N	4991 Cambridge Place	Guápiles
904	Benton	Mayne	Benton Mayne	bmaynep3@weather.com	Male	8649 Anhalt Terrace	Naranjos
905	Enrica	Stammirs	Enrica Stammirs	estammirsp4@constantcontact.com	Female	7494 Nobel Court	La Paz Centro
906	Rakel	Stuehmeyer	Rakel Stuehmeyer	rstuehmeyerp5@sbwire.com	Female	54155 Messerschmidt Way	Kafr Zaytā
907	Alaster	Lafuente	Alaster Lafuente	alafuentep6@mashable.com	Male	7 Burning Wood Street	Al ‘Udayn
908	Betsey	Naisbitt	Betsey Naisbitt	bnaisbittp7@cornell.edu	Female	93437 Mcbride Center	Mandal
909	Shelby	Bollom	Shelby Bollom	sbollomp8@multiply.com	Female	72929 Grayhawk Alley	Kālīganj
910	Kristy	Windrass	Kristy Windrass	kwindrassp9@cocolog-nifty.com	Female	99 Emmet Road	Caoping
911	Chantal	Evett	Chantal Evett	cevettpa@independent.co.uk	Female	8 Talmadge Way	Laozhuang
912	Vernen	Parzis	Vernen Parzis	vparzispb@ox.ac.uk	Male	54292 Hermina Terrace	Monte Plata
913	Milicent	Humblestone	Milicent Humblestone	mhumblestonepc@youtu.be	Female	39874 Bunting Place	Krapyak Kidul
914	Cally	Aistrop	Cally Aistrop	caistroppd@artisteer.com	\N	05387 Badeau Court	Nanganumba
915	Kahlil	Wallworth	Kahlil Wallworth	kwallworthpe@hhs.gov	Male	936 Welch Terrace	Masaraway
916	Dorice	Ruddock	Dorice Ruddock	druddockpf@wp.com	Female	2 Chive Road	Valejas
917	Marylin	Reggler	Marylin Reggler	mregglerpg@weebly.com	Female	50899 Drewry Alley	Los Juríes
918	Edward	Lippatt	Edward Lippatt	elippattph@flavors.me	Male	42 Prairie Rose Junction	Bakalang
919	Meriel	Coveney	Meriel Coveney	mcoveneypi@rediff.com	\N	0712 Morningstar Point	Yerazgavors
920	Erica	Farres	Erica Farres	efarrespj@weather.com	Female	50 Barby Pass	Sogati
921	Siegfried	Cousins	Siegfried Cousins	scousinspk@cpanel.net	Male	74 Monterey Lane	Bayambang
922	Staford	Carley	Staford Carley	scarleypl@nhs.uk	Male	659 Reindahl Drive	Gavarr
923	Willdon	Oxtaby	Willdon Oxtaby	woxtabypm@csmonitor.com	Male	461 Bellgrove Hill	Lutian
924	Marigold	Rushby	Marigold Rushby	mrushbypn@de.vu	Female	7 David Plaza	Jinshanpu
925	Thia	Gunther	Thia Gunther	tguntherpo@arstechnica.com	Female	96 Hallows Junction	Cidima
926	Gray	Corpe	Gray Corpe	gcorpepp@google.com	Male	11022 Riverside Circle	Santa Rosa
927	Dare	Liddel	Dare Liddel	dliddelpq@simplemachines.org	\N	901 Gerald Point	Shuangshan
928	Jennine	Eayrs	Jennine Eayrs	jeayrspr@ucoz.com	Female	4436 Merrick Crossing	Lom Sak
929	Vernice	Serotsky	Vernice Serotsky	vserotskyps@reddit.com	Female	7 Elmside Alley	Daping
930	Rhona	Rosone	Rhona Rosone	rrosonept@nifty.com	Female	0 Texas Court	Shendang
931	Aldrich	Mills	Aldrich Mills	amillspu@constantcontact.com	\N	5 Rieder Crossing	Tabor
932	Ansel	Tripp	Ansel Tripp	atripppv@hud.gov	\N	7115 Harper Road	Zlatar
933	Padraic	Janzen	Padraic Janzen	pjanzenpw@examiner.com	Male	4 Westend Point	Sanjiazi
934	Maia	McCrohon	Maia McCrohon	mmccrohonpx@shutterfly.com	Female	334 Manufacturers Circle	Wufeng
935	Hilario	Fullbrook	Hilario Fullbrook	hfullbrookpy@constantcontact.com	Male	4624 Arrowood Drive	Quận Tân Phú
936	Reinold	Nellen	Reinold Nellen	rnellenpz@ebay.com	\N	3 Heffernan Court	Górzno
937	Bobbe	Denslow	Bobbe Denslow	bdenslowq0@cocolog-nifty.com	Female	8809 Manley Point	Prakhon Chai
938	Bev	Puve	Bev Puve	bpuveq1@i2i.jp	\N	45663 Miller Terrace	Santo Aleixo
939	Lorrayne	Holton	Lorrayne Holton	lholtonq2@forbes.com	Female	0 Spaight Alley	Bayan Ewenke Minzu
940	Rolph	Inker	Rolph Inker	rinkerq3@chronoengine.com	Male	494 Kingsford Lane	Xiyang
941	Arlene	Meiklem	Arlene Meiklem	ameiklemq4@wiley.com	Female	4 Donald Place	Dailing
942	Talbert	Sampey	Talbert Sampey	tsampeyq5@wordpress.com	Male	4 Blaine Plaza	Bagakay
943	Camey	Bannerman	Camey Bannerman	cbannermanq6@de.vu	Male	76804 Armistice Point	Mudian
944	Minta	Tonsley	Minta Tonsley	mtonsleyq7@mlb.com	Female	4 Elmside Park	Soutinho
945	Hallie	Ivanuschka	Hallie Ivanuschka	hivanuschkaq8@wisc.edu	Female	8758 Westridge Court	Sąspów
946	Ag	Halfacree	Ag Halfacree	ahalfacreeq9@mozilla.com	Female	19851 Russell Place	Katagum
947	Marnie	Watton	Marnie Watton	mwattonqa@adobe.com	Female	440 7th Street	Diez de Octubre
948	Austin	Bodycombe	Austin Bodycombe	abodycombeqb@blinklist.com	Male	35966 Mockingbird Parkway	Gaobu
949	Ward	Ridout	Ward Ridout	wridoutqc@cpanel.net	\N	10759 Brown Court	Biloxi
950	Evita	Wayon	Evita Wayon	ewayonqd@alexa.com	Female	3 Valley Edge Alley	Vlachovo Březí
951	Vivyan	Engel	Vivyan Engel	vengelqe@skyrock.com	Female	884 Quincy Pass	Indramayu
952	Ambros	Lowdes	Ambros Lowdes	alowdesqf@blogtalkradio.com	Male	97598 Meadow Valley Point	Cauayan
953	Norbert	Landman	Norbert Landman	nlandmanqg@ucla.edu	Male	263 Village Parkway	Stockholm
954	Clary	Pressnell	Clary Pressnell	cpressnellqh@chronoengine.com	Female	642 Debra Center	Beidou
955	Jarrod	Pickavant	Jarrod Pickavant	jpickavantqi@ucoz.ru	Male	1 3rd Terrace	Želetava
956	Luella	Chatel	Luella Chatel	lchatelqj@rediff.com	\N	16905 Golden Leaf Drive	Huangshui
957	Daron	Camois	Daron Camois	dcamoisqk@go.com	Male	3 Autumn Leaf Alley	Celorico de Basto
958	Dore	Bertouloume	Dore Bertouloume	dbertouloumeql@reference.com	Female	158 Brentwood Pass	Norzagaray
959	Emelyne	Bloore	Emelyne Bloore	eblooreqm@livejournal.com	Female	0411 Warrior Parkway	Tugdan
960	Frank	Marini	Frank Marini	fmariniqn@google.pl	Female	7398 Saint Paul Pass	Ejido
961	Tommi	Chatt	Tommi Chatt	tchattqo@wsj.com	\N	80 South Terrace	Ayabe
962	Lou	Hanrott	Lou Hanrott	lhanrottqp@simplemachines.org	Male	9 Merrick Point	Andekantor
963	Yankee	Krauss	Yankee Krauss	ykraussqq@clickbank.net	Male	3 Superior Road	Shen’ao
964	Leola	Pargetter	Leola Pargetter	lpargetterqr@walmart.com	Female	29624 Independence Drive	Shuangpengxi
965	Garrott	Iremonger	Garrott Iremonger	giremongerqs@photobucket.com	Male	319 Sycamore Parkway	Bilohirs’k
966	Tessy	Llorente	Tessy Llorente	tllorenteqt@live.com	Female	3717 Hanson Park	Potou
967	Bondie	Hazley	Bondie Hazley	bhazleyqu@scribd.com	Male	32168 Gulseth Point	Stockholm
968	Scarface	Hinemoor	Scarface Hinemoor	shinemoorqv@de.vu	\N	6250 Clemons Terrace	Straldzha
969	Amos	Blaxter	Amos Blaxter	ablaxterqw@creativecommons.org	Male	08851 Arkansas Circle	Mao
970	Ailbert	Duetschens	Ailbert Duetschens	aduetschensqx@is.gd	Male	1907 Dunning Plaza	Debeljača
971	Tobin	Dranfield	Tobin Dranfield	tdranfieldqy@desdev.cn	Male	2018 Leroy Alley	Makuyuni
972	Ryan	Daykin	Ryan Daykin	rdaykinqz@hatena.ne.jp	Male	548 Larry Junction	Sakchu-ŭp
973	Ken	Wilne	Ken Wilne	kwilner0@marketwatch.com	Male	6 Spaight Circle	Huddinge
974	Earvin	Feeham	Earvin Feeham	efeehamr1@noaa.gov	Male	71 Charing Cross Point	Niutian
975	Lowrance	Peschet	Lowrance Peschet	lpeschetr2@ucoz.ru	Male	9807 Chive Way	Miasskoye
976	Karissa	Gagin	Karissa Gagin	kgaginr3@slate.com	Female	93258 Texas Park	Croix
977	Ogden	Dennehy	Ogden Dennehy	odennehyr4@harvard.edu	Male	83284 Towne Alley	Águia Branca
978	Bethany	Worge	Bethany Worge	bworger5@themeforest.net	Female	621 Knutson Trail	Dordrecht
979	Barn	Blindermann	Barn Blindermann	bblindermannr6@sun.com	Male	63 Caliangt Alley	Gubo
980	Rosana	Philipot	Rosana Philipot	rphilipotr7@wp.com	Female	22 West Parkway	Évreux
981	Rafael	Powers	Rafael Powers	rpowersr8@smh.com.au	Male	96634 Novick Point	Verkhnya Rozhanka
982	Burton	Kenworthy	Burton Kenworthy	bkenworthyr9@nbcnews.com	Male	12538 Cardinal Lane	Skwierzyna
983	Frank	Klawi	Frank Klawi	fklawira@mtv.com	Male	58039 Ruskin Lane	Rahayu Dua
984	Jemima	Crawshay	Jemima Crawshay	jcrawshayrb@cdc.gov	Female	1 Moland Hill	New York City
985	Wheeler	Garmey	Wheeler Garmey	wgarmeyrc@webs.com	Male	9 Cherokee Pass	Velenje
986	Clari	Sole	Clari Sole	csolerd@myspace.com	Female	00 Sauthoff Hill	Huitang
987	Linzy	Enochsson	Linzy Enochsson	lenochssonre@apache.org	Female	7 Michigan Drive	Junzhuang
988	Ingrim	Blunsen	Ingrim Blunsen	iblunsenrf@bizjournals.com	Male	36422 Mcguire Avenue	Qinggis Han
989	Corbin	Ridesdale	Corbin Ridesdale	cridesdalerg@arstechnica.com	Male	435 Westridge Alley	San Miguelito
990	Orly	Sealand	Orly Sealand	osealandrh@hibu.com	Female	70 West Avenue	Al Khawkhah
991	Barbie	Issit	Barbie Issit	bissitri@jigsy.com	Female	596 Butterfield Hill	Kariat Arkmane
992	Donnell	Barnett	Donnell Barnett	dbarnettrj@sina.com.cn	Male	28056 Crest Line Park	Rudziczka
993	Marla	Hammond	Marla Hammond	mhammondrk@g.co	Female	2920 Tennessee Park	Sanjiangkou
994	Adaline	Crathern	Adaline Crathern	acrathernrl@sphinn.com	Female	6972 American Ash Terrace	Veyno
995	Monty	Oke	Monty Oke	mokerm@clickbank.net	Male	3 Steensland Pass	Velasco Ibarra
996	Kristoforo	Klosa	Kristoforo Klosa	kklosarn@uiuc.edu	Male	0 Surrey Circle	Langford
997	Frankie	Seage	Frankie Seage	fseagero@nbcnews.com	Male	009 Drewry Junction	Hujiaying
998	Phyllis	Rearden	Phyllis Rearden	preardenrp@constantcontact.com	Female	80 Transport Terrace	Guanyang
999	Cilka	Needham	Cilka Needham	cneedhamrq@auda.org.au	Female	043 Randy Drive	Cipasung
1000	Stanly	Phillips	Stanly Phillips	sphillipsrr@netlog.com	Male	328 Schurz Lane	Anse Royale
\.


--
-- Data for Name: employees; Type: TABLE DATA; Schema: public; Owner: jlkwrkruyccxrb
--

COPY public.employees (id, name) FROM stdin;
1	Sam
2	Kate
3	Blake
4	Kate
5	Jim
6	Patty
\.


--
-- Data for Name: failed_jobs; Type: TABLE DATA; Schema: public; Owner: jlkwrkruyccxrb
--

COPY public.failed_jobs (id, uuid, connection, queue, payload, exception, failed_at) FROM stdin;
\.


--
-- Data for Name: migrations; Type: TABLE DATA; Schema: public; Owner: jlkwrkruyccxrb
--

COPY public.migrations (id, migration, batch) FROM stdin;
1	2014_10_12_000000_create_users_table	1
8	2014_10_12_100000_create_password_resets_table	2
9	2019_08_19_000000_create_failed_jobs_table	2
10	2021_06_12_002838_create_customers_table	2
11	2021_06_12_003011_create_products_table	3
12	2021_06_12_003021_create_employees_table	3
13	2021_06_12_002850_create_sales_table	4
\.


--
-- Data for Name: password_resets; Type: TABLE DATA; Schema: public; Owner: jlkwrkruyccxrb
--

COPY public.password_resets (email, token, created_at) FROM stdin;
\.


--
-- Data for Name: products; Type: TABLE DATA; Schema: public; Owner: jlkwrkruyccxrb
--

COPY public.products (id, name, price) FROM stdin;
1	P1	32.99
2	P2	21.50
3	P3	34.99
4	P4	10.99
5	P5	35.49
6	P6	12.99
7	P7	54.99
8	P8	76.99
9	P9	54.99
\.


--
-- Data for Name: sales; Type: TABLE DATA; Schema: public; Owner: jlkwrkruyccxrb
--

COPY public.sales (id, "invoiceId", product_id, sales_person_id, customer_id, date) FROM stdin;
1	1230001	8	6	123	2020-06-19
2	1230002	3	3	160	2020-07-03
3	1230003	6	2	745	2020-07-01
4	1230004	5	6	365	2020-06-16
5	1230005	3	2	982	2020-06-14
6	1230006	5	2	695	2020-07-05
7	1230007	9	3	47	2020-07-02
8	1230008	7	2	936	2020-06-18
9	1230009	3	5	657	2020-06-25
10	1230010	9	6	86	2020-06-24
11	1230011	2	2	730	2020-06-05
12	1230012	2	1	981	2020-06-13
13	1230013	5	3	191	2020-07-02
14	1230014	1	3	3	2020-06-13
15	1230015	9	2	130	2020-06-01
16	1230016	9	3	901	2020-06-13
17	1230017	4	2	814	2020-06-29
18	1230018	1	3	344	2020-06-28
19	1230019	8	2	357	2020-06-19
20	1230020	3	5	23	2020-07-02
21	1230021	1	1	287	2020-06-24
22	1230022	9	6	294	2020-06-12
23	1230023	5	3	757	2020-06-21
24	1230024	2	3	804	2020-06-24
25	1230025	2	6	195	2020-06-16
26	1230026	8	1	720	2020-06-16
27	1230027	7	6	432	2020-06-17
28	1230028	2	2	947	2020-06-23
29	1230029	9	2	422	2020-07-02
30	1230030	3	1	674	2020-06-01
31	1230031	7	3	950	2020-06-30
32	1230032	8	5	96	2020-06-09
33	1230033	7	2	620	2020-06-23
34	1230034	9	6	107	2020-07-04
35	1230035	2	3	346	2020-06-22
36	1230036	8	2	726	2020-06-25
37	1230037	4	3	531	2020-06-13
38	1230038	2	3	924	2020-06-18
39	1230039	3	3	985	2020-06-28
40	1230040	8	5	783	2020-06-05
41	1230041	5	2	800	2020-06-27
42	1230042	8	5	589	2020-06-02
43	1230043	3	6	229	2020-06-12
44	1230044	1	2	977	2020-06-11
45	1230045	4	5	219	2020-07-01
46	1230046	3	3	868	2020-06-08
47	1230047	9	3	849	2020-06-20
48	1230048	1	5	582	2020-06-01
49	1230049	5	5	535	2020-07-06
50	1230050	4	5	911	2020-06-27
51	1230051	1	5	58	2020-06-11
52	1230052	4	2	829	2020-06-09
53	1230053	2	6	687	2020-06-08
54	1230054	8	2	779	2020-07-01
55	1230055	2	6	873	2020-06-17
56	1230056	8	6	52	2020-07-01
57	1230057	4	1	910	2020-06-09
58	1230058	9	3	832	2020-06-16
59	1230059	9	6	427	2020-06-20
60	1230060	2	3	884	2020-06-23
61	1230061	8	6	31	2020-06-04
62	1230062	9	5	456	2020-07-02
63	1230063	9	6	620	2020-07-06
64	1230064	4	5	750	2020-06-04
65	1230065	3	6	257	2020-06-30
66	1230066	9	3	280	2020-06-19
67	1230067	1	1	259	2020-07-02
68	1230068	1	5	408	2020-06-29
69	1230069	4	6	910	2020-06-23
70	1230070	5	2	904	2020-06-12
71	1230071	3	6	532	2020-06-19
72	1230072	6	3	8	2020-06-13
73	1230073	4	3	250	2020-06-02
74	1230074	6	2	416	2020-06-16
75	1230075	6	6	931	2020-06-04
76	1230076	9	5	31	2020-06-06
77	1230077	9	2	353	2020-07-06
78	1230078	9	1	841	2020-06-20
79	1230079	5	2	371	2020-06-15
80	1230080	3	2	739	2020-06-05
81	1230081	3	2	814	2020-07-01
82	1230082	2	1	206	2020-06-03
83	1230083	5	2	757	2020-06-29
84	1230084	2	1	536	2020-06-27
85	1230085	3	2	705	2020-06-28
86	1230086	3	6	167	2020-06-24
87	1230087	6	5	669	2020-06-27
88	1230088	6	6	540	2020-06-13
89	1230089	6	2	506	2020-06-24
90	1230090	5	5	354	2020-06-02
91	1230091	7	6	670	2020-06-09
92	1230092	3	2	604	2020-06-26
93	1230093	1	6	643	2020-06-05
94	1230094	9	6	906	2020-06-27
95	1230095	8	3	993	2020-06-21
96	1230096	2	3	238	2020-06-28
97	1230097	6	5	695	2020-06-17
98	1230098	6	5	49	2020-06-05
99	1230099	5	1	50	2020-07-04
100	1230100	7	6	861	2020-06-15
101	1230101	9	6	220	2020-06-08
102	1230102	2	1	831	2020-07-05
103	1230103	7	3	764	2020-06-03
104	1230104	8	5	667	2020-06-08
105	1230105	3	2	673	2020-06-17
106	1230106	8	5	617	2020-07-05
107	1230107	6	6	23	2020-06-22
108	1230108	1	1	315	2020-07-04
109	1230109	1	6	455	2020-06-26
110	1230110	2	3	324	2020-07-06
111	1230111	8	2	597	2020-06-06
112	1230112	7	5	146	2020-06-25
113	1230113	5	1	805	2020-06-30
114	1230114	2	2	876	2020-06-18
115	1230115	7	1	952	2020-06-12
116	1230116	2	5	720	2020-06-11
117	1230117	9	2	953	2020-06-18
118	1230118	6	5	254	2020-06-21
119	1230119	3	2	245	2020-07-06
120	1230120	8	2	902	2020-07-02
121	1230121	9	2	177	2020-07-06
122	1230122	8	2	186	2020-06-08
123	1230123	4	5	286	2020-06-06
124	1230124	8	3	248	2020-06-03
125	1230125	1	1	817	2020-06-28
126	1230126	1	1	158	2020-06-01
127	1230127	7	3	582	2020-06-26
128	1230128	8	1	909	2020-06-23
129	1230129	8	5	393	2020-07-05
130	1230130	7	6	649	2020-06-10
131	1230131	9	5	18	2020-06-10
132	1230132	2	2	302	2020-07-02
133	1230133	5	5	844	2020-06-19
134	1230134	1	3	640	2020-06-19
135	1230135	6	2	424	2020-06-01
136	1230136	2	2	878	2020-06-24
137	1230137	8	3	15	2020-06-21
138	1230138	6	2	973	2020-06-28
139	1230139	4	3	237	2020-07-02
140	1230140	6	2	440	2020-06-01
141	1230141	1	2	371	2020-06-20
142	1230142	6	2	420	2020-06-09
143	1230143	1	1	759	2020-06-14
144	1230144	7	5	219	2020-06-07
145	1230145	7	2	228	2020-07-02
146	1230146	5	3	945	2020-06-27
147	1230147	7	5	504	2020-06-10
148	1230148	9	6	195	2020-07-02
149	1230149	4	2	44	2020-06-21
150	1230150	9	2	414	2020-06-23
151	1230151	3	5	564	2020-06-30
152	1230152	2	1	482	2020-06-06
153	1230153	2	1	764	2020-06-07
154	1230154	7	3	660	2020-07-02
155	1230155	1	2	722	2020-06-25
156	1230156	6	3	777	2020-07-02
157	1230157	4	6	93	2020-06-03
158	1230158	5	2	415	2020-06-21
159	1230159	1	2	758	2020-06-22
160	1230160	9	2	438	2020-06-02
161	1230161	2	1	645	2020-06-05
162	1230162	7	3	513	2020-06-07
163	1230163	5	2	294	2020-06-25
164	1230164	6	1	84	2020-06-04
165	1230165	3	5	946	2020-06-10
166	1230166	5	2	597	2020-06-23
167	1230167	5	3	242	2020-06-14
168	1230168	2	2	9	2020-06-29
169	1230169	2	6	2	2020-06-14
170	1230170	3	6	555	2020-06-25
171	1230171	5	2	50	2020-06-16
172	1230172	7	2	281	2020-06-01
173	1230173	7	3	758	2020-06-25
174	1230174	3	1	730	2020-06-05
175	1230175	3	6	514	2020-06-24
176	1230176	1	6	451	2020-06-08
177	1230177	8	5	542	2020-07-01
178	1230178	9	6	889	2020-06-30
179	1230179	8	2	416	2020-07-02
180	1230180	2	6	121	2020-06-22
181	1230181	9	5	948	2020-06-30
182	1230182	4	2	959	2020-06-14
183	1230183	4	2	341	2020-06-03
184	1230184	8	3	465	2020-07-01
185	1230185	7	2	372	2020-06-22
186	1230186	9	6	750	2020-07-02
187	1230187	5	6	551	2020-06-13
188	1230188	8	2	947	2020-06-21
189	1230189	6	1	732	2020-06-14
190	1230190	9	5	130	2020-06-14
191	1230191	5	5	230	2020-06-02
192	1230192	4	2	265	2020-06-07
193	1230193	4	1	849	2020-07-04
194	1230194	4	3	280	2020-06-25
195	1230195	2	3	434	2020-06-26
196	1230196	3	5	199	2020-06-12
197	1230197	8	1	586	2020-06-28
198	1230198	7	1	759	2020-06-17
199	1230199	4	2	904	2020-07-04
200	1230200	6	5	380	2020-07-04
201	1230201	8	2	678	2020-06-10
202	1230202	3	3	843	2020-06-12
203	1230203	8	5	551	2020-07-03
204	1230204	5	1	904	2020-06-11
205	1230205	2	2	553	2020-06-18
206	1230206	4	5	142	2020-06-17
207	1230207	1	5	955	2020-07-05
208	1230208	4	5	427	2020-06-11
209	1230209	8	3	870	2020-06-15
210	1230210	3	2	726	2020-06-27
211	1230211	6	1	189	2020-06-07
212	1230212	3	1	438	2020-06-05
213	1230213	4	2	226	2020-07-04
214	1230214	7	3	975	2020-06-11
215	1230215	4	6	594	2020-06-07
216	1230216	1	5	755	2020-06-07
217	1230217	6	2	155	2020-06-30
218	1230218	4	3	482	2020-06-14
219	1230219	6	2	808	2020-06-07
220	1230220	5	6	204	2020-06-12
221	1230221	8	6	18	2020-06-06
222	1230222	8	6	683	2020-06-21
223	1230223	2	2	661	2020-06-23
224	1230224	4	3	988	2020-06-21
225	1230225	9	5	441	2020-06-16
226	1230226	8	6	844	2020-06-11
227	1230227	4	5	990	2020-06-17
228	1230228	5	3	39	2020-06-12
229	1230229	3	5	645	2020-06-07
230	1230230	4	3	642	2020-06-19
231	1230231	5	2	178	2020-06-22
232	1230232	3	6	198	2020-06-29
233	1230233	1	1	626	2020-06-17
234	1230234	3	5	841	2020-06-28
235	1230235	4	1	342	2020-07-06
236	1230236	9	1	635	2020-06-04
237	1230237	2	2	97	2020-06-14
238	1230238	2	5	470	2020-06-29
239	1230239	2	5	611	2020-06-17
240	1230240	6	5	62	2020-06-05
241	1230241	6	2	348	2020-07-03
242	1230242	1	6	176	2020-06-30
243	1230243	1	1	487	2020-06-20
244	1230244	4	2	985	2020-06-17
245	1230245	7	2	3	2020-06-10
246	1230246	6	2	147	2020-06-02
247	1230247	3	1	809	2020-06-06
248	1230248	4	6	594	2020-07-02
249	1230249	1	5	568	2020-06-09
250	1230250	8	3	45	2020-06-07
251	1230251	2	2	92	2020-06-10
252	1230252	3	5	447	2020-06-21
253	1230253	1	6	207	2020-06-09
254	1230254	2	1	411	2020-06-11
255	1230255	6	1	717	2020-06-20
256	1230256	4	5	814	2020-07-05
257	1230257	5	5	496	2020-07-06
258	1230258	5	3	513	2020-07-05
259	1230259	1	6	330	2020-06-22
260	1230260	9	6	959	2020-06-05
261	1230261	6	6	839	2020-06-04
262	1230262	2	5	598	2020-06-03
263	1230263	2	2	295	2020-07-02
264	1230264	9	2	868	2020-06-16
265	1230265	1	3	328	2020-06-21
266	1230266	2	2	251	2020-06-10
267	1230267	2	6	953	2020-06-15
268	1230268	7	1	19	2020-06-21
269	1230269	9	2	207	2020-06-02
270	1230270	2	5	883	2020-06-20
271	1230271	6	6	615	2020-07-01
272	1230272	4	2	93	2020-06-15
273	1230273	5	5	173	2020-06-16
274	1230274	5	6	34	2020-06-08
275	1230275	2	1	363	2020-06-12
276	1230276	3	6	197	2020-06-24
277	1230277	6	5	200	2020-06-18
278	1230278	8	1	743	2020-06-28
279	1230279	9	1	104	2020-06-16
280	1230280	2	2	837	2020-06-03
281	1230281	2	6	683	2020-07-02
282	1230282	3	5	251	2020-06-20
283	1230283	3	5	569	2020-06-27
284	1230284	2	3	676	2020-07-02
285	1230285	5	2	138	2020-07-06
286	1230286	9	6	542	2020-07-05
287	1230287	4	1	873	2020-06-17
288	1230288	4	3	493	2020-07-06
289	1230289	2	1	642	2020-06-14
290	1230290	1	3	548	2020-06-18
291	1230291	8	3	162	2020-07-04
292	1230292	1	3	949	2020-06-01
293	1230293	2	6	735	2020-06-20
294	1230294	7	1	67	2020-06-08
295	1230295	4	6	315	2020-06-12
296	1230296	2	3	784	2020-06-20
297	1230297	7	6	544	2020-06-30
298	1230298	6	2	980	2020-06-08
299	1230299	5	6	787	2020-06-17
300	1230300	6	6	732	2020-06-17
301	1230301	5	6	135	2020-06-02
302	1230302	2	2	941	2020-06-01
303	1230303	6	6	797	2020-06-02
304	1230304	7	6	403	2020-06-19
305	1230305	4	2	999	2020-07-06
306	1230306	1	5	781	2020-06-21
307	1230307	6	2	288	2020-06-18
308	1230308	6	6	123	2020-06-15
309	1230309	4	3	569	2020-07-03
310	1230310	6	6	781	2020-06-12
311	1230311	7	2	895	2020-06-11
312	1230312	4	5	702	2020-06-09
313	1230313	2	5	40	2020-06-14
314	1230314	2	3	490	2020-06-07
315	1230315	6	5	476	2020-06-13
316	1230316	5	3	60	2020-07-02
317	1230317	7	5	301	2020-06-02
318	1230318	8	2	263	2020-07-03
319	1230319	7	1	167	2020-06-04
320	1230320	5	3	235	2020-06-09
321	1230321	5	3	74	2020-07-02
322	1230322	9	1	627	2020-06-14
323	1230323	9	3	245	2020-06-16
324	1230324	3	2	319	2020-06-06
325	1230325	8	2	216	2020-06-22
326	1230326	6	1	179	2020-06-24
327	1230327	1	5	218	2020-06-13
328	1230328	4	3	452	2020-06-17
329	1230329	2	1	742	2020-06-28
330	1230330	5	1	103	2020-06-13
331	1230331	8	3	333	2020-06-28
332	1230332	2	2	148	2020-06-25
333	1230333	3	2	587	2020-07-05
334	1230334	4	6	238	2020-06-20
335	1230335	3	5	194	2020-07-03
336	1230336	9	3	11	2020-07-02
337	1230337	4	2	627	2020-06-28
338	1230338	8	2	665	2020-06-13
339	1230339	3	5	627	2020-06-08
340	1230340	3	5	435	2020-06-10
341	1230341	1	5	45	2020-06-13
342	1230342	1	2	523	2020-06-27
343	1230343	4	6	592	2020-06-09
344	1230344	8	1	932	2020-06-19
345	1230345	5	1	886	2020-06-14
346	1230346	1	1	359	2020-06-01
347	1230347	9	6	814	2020-06-14
348	1230348	2	1	258	2020-06-29
349	1230349	1	2	763	2020-06-10
350	1230350	8	3	807	2020-06-22
351	1230351	5	5	342	2020-06-08
352	1230352	6	6	622	2020-06-17
353	1230353	2	1	203	2020-06-12
354	1230354	2	6	536	2020-06-07
355	1230355	6	2	593	2020-06-16
356	1230356	9	5	676	2020-06-06
357	1230357	4	1	313	2020-06-01
358	1230358	3	6	131	2020-06-14
359	1230359	3	2	904	2020-06-05
360	1230360	7	1	131	2020-06-03
361	1230361	6	2	735	2020-06-23
362	1230362	9	2	393	2020-06-29
363	1230363	5	2	622	2020-06-08
364	1230364	9	1	112	2020-06-01
365	1230365	7	2	113	2020-06-06
366	1230366	4	5	562	2020-06-16
367	1230367	3	2	49	2020-06-18
368	1230368	7	1	876	2020-06-11
369	1230369	4	6	25	2020-06-29
370	1230370	9	3	749	2020-07-02
371	1230371	4	2	624	2020-06-21
372	1230372	5	1	615	2020-06-06
373	1230373	3	2	677	2020-06-08
374	1230374	2	2	828	2020-06-21
375	1230375	5	2	838	2020-06-09
376	1230376	8	3	604	2020-06-25
377	1230377	6	6	663	2020-06-13
378	1230378	8	5	157	2020-06-16
379	1230379	5	2	930	2020-06-08
380	1230380	2	3	729	2020-06-04
381	1230381	4	6	574	2020-06-09
382	1230382	1	2	664	2020-07-06
383	1230383	6	6	107	2020-06-14
384	1230384	9	1	522	2020-07-06
385	1230385	5	5	816	2020-06-29
386	1230386	1	6	285	2020-06-30
387	1230387	8	5	954	2020-06-29
388	1230388	6	3	83	2020-07-02
389	1230389	2	5	30	2020-07-06
390	1230390	4	3	381	2020-07-06
391	1230391	1	5	364	2020-06-18
392	1230392	2	5	855	2020-07-06
393	1230393	6	5	277	2020-06-07
394	1230394	7	1	686	2020-06-07
395	1230395	8	6	108	2020-07-04
396	1230396	8	2	612	2020-06-15
397	1230397	2	2	993	2020-06-06
398	1230398	5	5	542	2020-06-18
399	1230399	1	6	690	2020-07-05
400	1230400	9	1	600	2020-07-03
401	1230401	8	2	697	2020-06-19
402	1230402	1	5	548	2020-07-03
403	1230403	5	1	28	2020-07-06
404	1230404	3	2	177	2020-07-02
405	1230405	2	5	302	2020-06-04
406	1230406	8	2	86	2020-06-14
407	1230407	1	3	989	2020-06-25
408	1230408	2	2	246	2020-07-03
409	1230409	7	6	934	2020-06-22
410	1230410	3	2	470	2020-06-06
411	1230411	7	2	980	2020-06-21
412	1230412	2	2	840	2020-06-24
413	1230413	4	3	588	2020-06-01
414	1230414	2	5	888	2020-07-02
415	1230415	6	3	913	2020-07-01
416	1230416	9	2	97	2020-06-15
417	1230417	3	5	558	2020-06-10
418	1230418	9	1	790	2020-06-19
419	1230419	1	6	750	2020-06-17
420	1230420	6	5	174	2020-06-07
421	1230421	9	5	126	2020-07-02
422	1230422	2	2	91	2020-07-04
423	1230423	9	2	371	2020-06-20
424	1230424	5	5	415	2020-06-12
425	1230425	6	2	712	2020-06-19
426	1230426	4	2	966	2020-06-19
427	1230427	2	5	598	2020-06-14
428	1230428	6	1	361	2020-06-03
429	1230429	6	1	781	2020-06-22
430	1230430	8	3	582	2020-06-30
431	1230431	8	2	328	2020-06-25
432	1230432	3	1	366	2020-06-06
433	1230433	4	6	429	2020-06-09
434	1230434	4	6	141	2020-07-01
435	1230435	4	2	148	2020-06-14
436	1230436	6	5	392	2020-06-03
437	1230437	1	5	493	2020-06-02
438	1230438	4	2	938	2020-06-10
439	1230439	1	1	975	2020-06-02
440	1230440	8	2	393	2020-06-15
441	1230441	2	2	402	2020-06-15
442	1230442	6	3	294	2020-06-15
443	1230443	2	5	316	2020-06-06
444	1230444	1	2	414	2020-06-29
445	1230445	7	2	384	2020-06-06
446	1230446	9	5	794	2020-06-15
447	1230447	6	2	193	2020-06-07
448	1230448	7	2	701	2020-06-07
449	1230449	3	2	882	2020-07-03
450	1230450	3	5	396	2020-06-21
451	1230451	2	5	536	2020-06-13
452	1230452	9	2	840	2020-06-16
453	1230453	7	5	171	2020-06-29
454	1230454	1	6	948	2020-06-03
455	1230455	7	5	41	2020-06-17
456	1230456	2	5	96	2020-07-04
457	1230457	9	3	704	2020-06-03
458	1230458	8	2	156	2020-06-18
459	1230459	1	3	41	2020-06-01
460	1230460	6	1	650	2020-06-17
461	1230461	3	5	271	2020-06-16
462	1230462	9	1	271	2020-06-03
463	1230463	4	5	145	2020-07-06
464	1230464	6	3	951	2020-06-09
465	1230465	4	1	807	2020-06-19
466	1230466	3	2	997	2020-06-27
467	1230467	3	5	336	2020-06-03
468	1230468	8	5	192	2020-06-04
469	1230469	4	6	86	2020-06-06
470	1230470	3	2	958	2020-06-12
471	1230471	7	6	938	2020-06-15
472	1230472	3	2	154	2020-07-03
473	1230473	4	2	593	2020-06-21
474	1230474	3	2	767	2020-06-04
475	1230475	6	6	900	2020-06-09
476	1230476	4	3	403	2020-06-10
477	1230477	4	5	830	2020-07-03
478	1230478	8	5	421	2020-07-04
479	1230479	2	6	550	2020-06-19
480	1230480	6	2	218	2020-06-08
481	1230481	4	2	715	2020-07-06
482	1230482	4	5	248	2020-06-16
483	1230483	7	5	989	2020-06-04
484	1230484	5	2	648	2020-06-29
485	1230485	1	3	243	2020-06-05
486	1230486	2	1	434	2020-06-24
487	1230487	1	5	166	2020-06-23
488	1230488	7	3	138	2020-06-07
489	1230489	2	2	449	2020-06-27
490	1230490	5	5	436	2020-06-11
491	1230491	6	6	687	2020-06-14
492	1230492	5	6	500	2020-06-08
493	1230493	9	2	947	2020-06-25
494	1230494	3	2	134	2020-07-04
495	1230495	7	6	813	2020-07-02
496	1230496	7	5	189	2020-06-10
497	1230497	5	1	551	2020-06-25
498	1230498	4	1	654	2020-06-22
499	1230499	7	5	605	2020-06-29
500	1230500	5	6	562	2020-06-25
501	1230501	7	3	466	2020-06-07
502	1230502	7	5	768	2020-06-14
503	1230503	4	1	29	2020-06-01
504	1230504	5	3	684	2020-06-12
505	1230505	6	2	710	2020-06-07
506	1230506	6	2	677	2020-06-16
507	1230507	5	2	634	2020-06-05
508	1230508	6	5	664	2020-06-23
509	1230509	4	5	910	2020-06-11
510	1230510	1	2	791	2020-06-24
511	1230511	9	6	169	2020-06-25
512	1230512	2	2	935	2020-07-02
513	1230513	4	1	525	2020-06-05
514	1230514	6	2	850	2020-06-24
515	1230515	4	1	624	2020-06-29
516	1230516	6	1	149	2020-06-22
517	1230517	3	5	964	2020-07-06
518	1230518	9	3	891	2020-06-12
519	1230519	2	5	950	2020-06-12
520	1230520	4	5	117	2020-07-06
521	1230521	4	2	226	2020-06-08
522	1230522	4	6	934	2020-06-25
523	1230523	3	2	900	2020-06-05
524	1230524	2	5	113	2020-06-14
525	1230525	4	5	297	2020-06-27
526	1230526	5	5	877	2020-06-14
527	1230527	6	6	443	2020-06-25
528	1230528	5	2	774	2020-07-04
529	1230529	6	3	517	2020-06-12
530	1230530	8	3	655	2020-06-17
531	1230531	2	2	263	2020-07-05
532	1230532	3	1	940	2020-06-14
533	1230533	7	5	245	2020-06-20
534	1230534	7	3	154	2020-06-04
535	1230535	6	3	75	2020-06-20
536	1230536	5	2	904	2020-06-28
537	1230537	9	6	617	2020-06-21
538	1230538	2	6	416	2020-06-09
539	1230539	5	2	321	2020-06-02
540	1230540	2	1	229	2020-06-06
541	1230541	8	5	981	2020-07-04
542	1230542	6	6	3	2020-06-03
543	1230543	6	5	659	2020-06-20
544	1230544	7	6	698	2020-07-01
545	1230545	6	1	61	2020-06-17
546	1230546	9	2	438	2020-06-12
547	1230547	9	2	357	2020-06-11
548	1230548	7	2	513	2020-06-12
549	1230549	9	3	223	2020-06-17
550	1230550	2	6	613	2020-06-12
551	1230551	9	2	835	2020-06-30
552	1230552	5	5	183	2020-06-28
553	1230553	2	2	943	2020-06-23
554	1230554	2	1	533	2020-06-23
555	1230555	1	1	642	2020-06-02
556	1230556	3	2	341	2020-06-13
557	1230557	5	5	83	2020-06-27
558	1230558	2	2	639	2020-06-19
559	1230559	5	2	550	2020-06-04
560	1230560	2	2	238	2020-06-10
561	1230561	8	2	841	2020-06-01
562	1230562	9	5	671	2020-07-04
563	1230563	7	2	746	2020-06-29
564	1230564	1	1	941	2020-06-17
565	1230565	5	6	162	2020-06-16
566	1230566	9	3	217	2020-06-26
567	1230567	4	2	848	2020-06-13
568	1230568	4	2	650	2020-06-28
569	1230569	9	2	276	2020-07-04
570	1230570	4	1	582	2020-07-03
571	1230571	3	3	86	2020-06-04
572	1230572	6	1	522	2020-06-27
573	1230573	3	1	298	2020-06-13
574	1230574	5	3	260	2020-06-28
575	1230575	6	2	397	2020-06-15
576	1230576	2	6	716	2020-06-06
577	1230577	4	5	122	2020-06-19
578	1230578	7	3	164	2020-06-25
579	1230579	3	6	662	2020-06-01
580	1230580	7	2	770	2020-06-11
581	1230581	5	1	521	2020-06-03
582	1230582	9	2	402	2020-06-01
583	1230583	2	2	737	2020-06-30
584	1230584	9	1	386	2020-07-02
585	1230585	8	5	561	2020-06-28
586	1230586	5	1	775	2020-06-29
587	1230587	3	3	704	2020-06-19
588	1230588	2	1	784	2020-06-10
589	1230589	7	3	785	2020-06-10
590	1230590	8	1	295	2020-07-02
591	1230591	6	2	869	2020-07-05
592	1230592	7	2	625	2020-07-05
593	1230593	8	6	887	2020-06-29
594	1230594	9	1	253	2020-06-02
595	1230595	8	2	350	2020-06-01
596	1230596	6	2	50	2020-06-12
597	1230597	6	3	770	2020-06-21
598	1230598	7	5	482	2020-06-20
599	1230599	8	3	220	2020-06-20
600	1230600	2	3	200	2020-06-01
601	1230601	7	5	239	2020-06-28
602	1230602	6	2	856	2020-06-29
603	1230603	6	3	149	2020-06-18
604	1230604	4	6	658	2020-06-29
605	1230605	2	1	182	2020-07-05
606	1230606	4	6	1	2020-06-22
607	1230607	5	2	240	2020-06-24
608	1230608	7	5	100	2020-06-04
609	1230609	5	5	622	2020-06-26
610	1230610	9	1	128	2020-06-21
611	1230611	2	6	198	2020-06-22
612	1230612	4	3	157	2020-06-25
613	1230613	9	2	613	2020-06-13
614	1230614	8	1	251	2020-06-07
615	1230615	8	3	660	2020-07-04
616	1230616	7	6	728	2020-06-01
\.


--
-- Data for Name: users; Type: TABLE DATA; Schema: public; Owner: jlkwrkruyccxrb
--

COPY public.users (id, name, email, email_verified_at, password, remember_token, created_at, updated_at) FROM stdin;
1	Yi Lu	admin@gmail.com	\N	$2y$10$W.xBVf78J6GYlmVtUD6F1OxZ/e/slKUY5Zzuo5.kH4INwjogITO9e	\N	2021-06-15 02:38:03	2021-06-15 02:38:03
\.


--
-- Name: customers_id_seq; Type: SEQUENCE SET; Schema: public; Owner: jlkwrkruyccxrb
--

SELECT pg_catalog.setval('public.customers_id_seq', 1000, true);


--
-- Name: employees_id_seq; Type: SEQUENCE SET; Schema: public; Owner: jlkwrkruyccxrb
--

SELECT pg_catalog.setval('public.employees_id_seq', 6, true);


--
-- Name: failed_jobs_id_seq; Type: SEQUENCE SET; Schema: public; Owner: jlkwrkruyccxrb
--

SELECT pg_catalog.setval('public.failed_jobs_id_seq', 1, false);


--
-- Name: migrations_id_seq; Type: SEQUENCE SET; Schema: public; Owner: jlkwrkruyccxrb
--

SELECT pg_catalog.setval('public.migrations_id_seq', 13, true);


--
-- Name: products_id_seq; Type: SEQUENCE SET; Schema: public; Owner: jlkwrkruyccxrb
--

SELECT pg_catalog.setval('public.products_id_seq', 9, true);


--
-- Name: sales_id_seq; Type: SEQUENCE SET; Schema: public; Owner: jlkwrkruyccxrb
--

SELECT pg_catalog.setval('public.sales_id_seq', 616, true);


--
-- Name: users_id_seq; Type: SEQUENCE SET; Schema: public; Owner: jlkwrkruyccxrb
--

SELECT pg_catalog.setval('public.users_id_seq', 1, true);


--
-- Name: customers customers_pkey; Type: CONSTRAINT; Schema: public; Owner: jlkwrkruyccxrb
--

ALTER TABLE ONLY public.customers
    ADD CONSTRAINT customers_pkey PRIMARY KEY (id);


--
-- Name: employees employees_pkey; Type: CONSTRAINT; Schema: public; Owner: jlkwrkruyccxrb
--

ALTER TABLE ONLY public.employees
    ADD CONSTRAINT employees_pkey PRIMARY KEY (id);


--
-- Name: failed_jobs failed_jobs_pkey; Type: CONSTRAINT; Schema: public; Owner: jlkwrkruyccxrb
--

ALTER TABLE ONLY public.failed_jobs
    ADD CONSTRAINT failed_jobs_pkey PRIMARY KEY (id);


--
-- Name: failed_jobs failed_jobs_uuid_unique; Type: CONSTRAINT; Schema: public; Owner: jlkwrkruyccxrb
--

ALTER TABLE ONLY public.failed_jobs
    ADD CONSTRAINT failed_jobs_uuid_unique UNIQUE (uuid);


--
-- Name: migrations migrations_pkey; Type: CONSTRAINT; Schema: public; Owner: jlkwrkruyccxrb
--

ALTER TABLE ONLY public.migrations
    ADD CONSTRAINT migrations_pkey PRIMARY KEY (id);


--
-- Name: products products_pkey; Type: CONSTRAINT; Schema: public; Owner: jlkwrkruyccxrb
--

ALTER TABLE ONLY public.products
    ADD CONSTRAINT products_pkey PRIMARY KEY (id);


--
-- Name: sales sales_pkey; Type: CONSTRAINT; Schema: public; Owner: jlkwrkruyccxrb
--

ALTER TABLE ONLY public.sales
    ADD CONSTRAINT sales_pkey PRIMARY KEY (id);


--
-- Name: users users_email_unique; Type: CONSTRAINT; Schema: public; Owner: jlkwrkruyccxrb
--

ALTER TABLE ONLY public.users
    ADD CONSTRAINT users_email_unique UNIQUE (email);


--
-- Name: users users_pkey; Type: CONSTRAINT; Schema: public; Owner: jlkwrkruyccxrb
--

ALTER TABLE ONLY public.users
    ADD CONSTRAINT users_pkey PRIMARY KEY (id);


--
-- Name: password_resets_email_index; Type: INDEX; Schema: public; Owner: jlkwrkruyccxrb
--

CREATE INDEX password_resets_email_index ON public.password_resets USING btree (email);


--
-- Name: sales sales_customer_id_foreign; Type: FK CONSTRAINT; Schema: public; Owner: jlkwrkruyccxrb
--

ALTER TABLE ONLY public.sales
    ADD CONSTRAINT sales_customer_id_foreign FOREIGN KEY (customer_id) REFERENCES public.customers(id);


--
-- Name: sales sales_product_id_foreign; Type: FK CONSTRAINT; Schema: public; Owner: jlkwrkruyccxrb
--

ALTER TABLE ONLY public.sales
    ADD CONSTRAINT sales_product_id_foreign FOREIGN KEY (product_id) REFERENCES public.products(id);


--
-- Name: sales sales_sales_person_id_foreign; Type: FK CONSTRAINT; Schema: public; Owner: jlkwrkruyccxrb
--

ALTER TABLE ONLY public.sales
    ADD CONSTRAINT sales_sales_person_id_foreign FOREIGN KEY (sales_person_id) REFERENCES public.employees(id);


--
-- Name: SCHEMA public; Type: ACL; Schema: -; Owner: jlkwrkruyccxrb
--

REVOKE ALL ON SCHEMA public FROM postgres;
REVOKE ALL ON SCHEMA public FROM PUBLIC;
GRANT ALL ON SCHEMA public TO jlkwrkruyccxrb;
GRANT ALL ON SCHEMA public TO PUBLIC;


--
-- Name: LANGUAGE plpgsql; Type: ACL; Schema: -; Owner: postgres
--

GRANT ALL ON LANGUAGE plpgsql TO jlkwrkruyccxrb;


--
-- PostgreSQL database dump complete
--

